Machine_ID,Temperature,Vibration,RPM,Humidity,Power,Running_Hours,Status
LOOM0001,35.84,0.54,1197,58.98,4.34,102,Running
LOOM0002,36.06,1.84,1185,60.36,4.23,97,Running
LOOM0003,33.31,1.26,1181,60.24,4.92,409,Running
LOOM0004,35.27,0.83,1217,59.11,5.07,438,Running
LOOM0005,36.83,1.55,1201,59.11,4.42,440,Running
LOOM0006,34.02,0.64,1186,59.44,4.54,185,Running
LOOM0007,36.84,1.59,1214,58.5,5.12,90,Running
LOOM0008,35.31,1.74,1219,61.54,4.56,148,Running
LOOM0009,36.23,0.57,1194,61.09,5.19,487,Running
LOOM0010,33.4,0.65,1197,59.81,5.03,133,Running
LOOM0011,34.22,0.81,1197,60.81,4.88,86,Running
LOOM0012,35.65,0.76,1195,58.65,4.58,377,Running
LOOM0013,36.13,0.83,1200,61.37,4.98,167,Running
LOOM0014,36.93,1.71,1205,59.07,4.41,340,Running
LOOM0015,37.26,0.97,1211,59.58,5.11,284,Running
LOOM0016,32.86,0.71,1215,60.16,4.95,269,Running
LOOM0017,37.39,1.1,1194,61.99,4.34,302,Running
LOOM0018,32.55,0.57,1187,58.61,4.36,398,Running
LOOM0019,34.53,0.6,1204,60.38,4.67,178,Running
LOOM0020,37.83,1.79,1180,60.72,4.31,324,Running
LOOM0021,36.51,1.65,1201,58.45,4.63,282,Running
LOOM0022,32.02,1.58,1196,61.89,4.96,309,Running
LOOM0023,37.48,1.81,1199,61.37,4.71,151,Running
LOOM0024,32.92,1.64,1214,61.81,5.12,50,Running
LOOM0025,35.59,1.23,1187,61.72,5.08,475,Running
LOOM0026,36.84,0.86,1195,61.51,5.15,93,Running
LOOM0027,36.39,1.72,1214,61.06,4.33,293,Running
LOOM0028,37.68,0.75,1213,61.49,4.62,158,Running
LOOM0029,37.57,1.63,1192,60.85,4.6,393,Running
LOOM0030,35.9,1.16,1213,59.81,4.45,82,Running
LOOM0031,34.03,1.38,1194,60.35,4.21,412,Running
LOOM0032,35.79,0.84,1182,61.44,4.27,171,Running
LOOM0033,33.67,1.23,1214,58.53,5.14,342,Running
LOOM0034,35.46,0.86,1210,61.23,4.39,99,Running
LOOM0035,35.95,1.03,1206,59.87,4.93,394,Running
LOOM0036,35.92,1.47,1183,59.61,4.54,491,Running
LOOM0037,32.66,0.79,1214,59.79,4.62,192,Running
LOOM0038,34.78,1.81,1184,59.77,5.06,331,Running
LOOM0039,32.59,1.48,1214,61.34,5.17,435,Running
LOOM0040,37.09,0.75,1211,59.93,5.06,80,Running
LOOM0041,32.99,0.5,1204,59.06,4.98,282,Running
LOOM0042,33.71,1.54,1215,60.65,4.69,147,Running
LOOM0043,33.78,1.95,1217,60.94,4.26,210,Running
LOOM0044,32.34,1.38,1212,61.68,4.73,79,Running
LOOM0045,37.76,0.62,1191,58.27,4.27,491,Running
LOOM0046,33.41,0.68,1216,58.98,4.79,367,Running
LOOM0047,32.49,1.49,1216,60.09,5.13,154,Running
LOOM0048,36.02,0.97,1196,59.58,4.87,203,Running
LOOM0049,34.74,1.89,1184,58.04,4.82,338,Running
LOOM0050,37.98,0.61,1193,60.02,4.33,228,Running
LOOM0051,37.29,1.82,1203,59.14,4.64,328,Running
LOOM0052,36.22,1.42,1213,58.03,5.02,203,Running
LOOM0053,37.59,0.66,1188,59.06,5.09,430,Running
LOOM0054,35.32,0.91,1218,58.84,4.54,401,Running
LOOM0055,35.81,0.9,1211,59.0,5.11,76,Running
LOOM0056,32.55,1.14,1197,58.18,4.53,116,Running
LOOM0057,35.82,0.89,1208,60.21,4.63,54,Running
LOOM0058,32.67,1.92,1189,60.18,5.03,348,Running
LOOM0059,35.32,1.14,1182,59.23,5.1,457,Running
LOOM0060,37.83,0.56,1202,58.84,4.45,102,Running
LOOM0061,34.12,1.34,1206,61.9,4.95,171,Running
LOOM0062,37.19,1.96,1191,61.53,4.22,427,Running
LOOM0063,37.55,1.67,1206,61.21,5.06,465,Running
LOOM0064,33.49,0.74,1186,59.53,4.24,290,Running
LOOM0065,33.33,1.72,1209,59.4,5.02,496,Running
LOOM0066,33.37,0.54,1192,59.59,4.48,85,Running
LOOM0067,37.8,0.92,1212,59.6,5.18,324,Running
LOOM0068,33.99,0.54,1196,58.71,5.16,185,Running
LOOM0069,32.23,1.39,1202,60.91,4.51,360,Running
LOOM0070,37.91,0.67,1216,58.76,4.24,273,Running
LOOM0071,32.01,1.89,1214,60.75,5.14,427,Running
LOOM0072,36.02,1.05,1184,61.8,5.12,369,Running
LOOM0073,33.88,1.77,1199,60.03,4.87,217,Running
LOOM0074,34.41,0.94,1188,58.77,4.86,244,Running
LOOM0075,36.06,1.85,1219,60.28,4.61,476,Running
LOOM0076,32.0,0.93,1207,61.14,4.81,214,Running
LOOM0077,34.79,1.16,1193,60.04,4.99,457,Running
LOOM0078,36.42,1.49,1198,60.06,4.83,221,Running
LOOM0079,32.56,1.93,1195,60.69,4.42,151,Running
LOOM0080,32.88,0.57,1210,60.45,4.97,283,Running
LOOM0081,34.49,1.44,1192,60.87,4.58,254,Running
LOOM0082,33.46,1.48,1180,61.57,5.06,104,Running
LOOM0083,36.67,0.83,1213,59.86,4.76,484,Running
LOOM0084,32.73,0.7,1209,60.67,5.19,354,Running
LOOM0085,33.9,1.63,1208,60.45,4.92,308,Running
LOOM0086,34.56,1.86,1208,61.59,4.94,293,Running
LOOM0087,34.7,1.63,1220,59.11,4.98,298,Running
LOOM0088,35.76,0.91,1184,60.85,4.43,221,Running
LOOM0089,33.92,1.31,1188,58.6,4.58,128,Running
LOOM0090,36.24,0.6,1206,59.32,4.67,81,Running
LOOM0091,33.24,1.13,1217,61.78,4.22,500,Running
LOOM0092,36.59,1.07,1180,61.77,4.5,249,Running
LOOM0093,37.12,1.93,1206,60.15,4.93,459,Running
LOOM0094,35.62,0.83,1194,59.09,4.69,249,Running
LOOM0095,34.02,1.52,1205,60.9,5.04,115,Running
LOOM0096,37.88,1.3,1205,60.37,4.86,92,Running
LOOM0097,35.86,0.7,1209,58.73,4.46,217,Running
LOOM0098,33.27,0.99,1204,59.11,5.15,265,Running
LOOM0099,33.51,0.62,1181,61.0,4.25,229,Running
LOOM0100,33.35,0.6,1182,61.02,5.15,152,Running
LOOM0101,37.04,1.43,1195,58.5,4.87,338,Running
LOOM0102,37.69,1.2,1196,61.07,4.37,360,Running
LOOM0103,37.78,1.58,1190,61.86,4.31,63,Running
LOOM0104,37.57,1.36,1204,59.59,4.92,88,Running
LOOM0105,35.55,1.75,1195,58.41,4.97,485,Running
LOOM0106,36.11,1.71,1216,61.13,4.55,269,Running
LOOM0107,35.97,0.6,1201,58.05,4.62,300,Running
LOOM0108,32.63,1.94,1220,61.57,4.66,128,Running
LOOM0109,34.61,1.6,1197,60.46,5.12,446,Running
LOOM0110,34.9,1.15,1217,59.07,5.05,475,Running
LOOM0111,37.61,0.92,1208,58.98,4.66,362,Running
LOOM0112,36.01,1.0,1211,61.4,4.38,158,Running
LOOM0113,34.13,0.89,1197,61.52,4.9,191,Running
LOOM0114,35.33,1.27,1192,58.34,4.92,300,Running
LOOM0115,35.33,0.86,1210,60.58,4.69,455,Running
LOOM0116,32.1,0.94,1205,60.77,4.51,347,Running
LOOM0117,34.21,1.33,1202,59.7,4.95,219,Running
LOOM0118,34.11,1.18,1199,59.01,4.32,148,Running
LOOM0119,33.89,1.61,1191,58.77,4.94,191,Running
LOOM0120,36.35,1.96,1213,60.39,5.18,476,Running
LOOM0121,33.16,0.84,1191,59.21,4.91,114,Running
LOOM0122,33.65,1.96,1215,59.17,5.14,376,Running
LOOM0123,37.21,1.24,1180,60.3,4.67,275,Running
LOOM0124,34.04,1.95,1196,61.76,4.68,470,Running
LOOM0125,32.39,1.24,1216,60.52,4.25,126,Running
LOOM0126,36.87,1.92,1185,61.98,4.32,441,Running
LOOM0127,34.5,1.39,1219,58.9,4.72,280,Running
LOOM0128,37.45,0.95,1217,61.96,4.51,367,Running
LOOM0129,32.36,1.94,1186,61.79,4.41,158,Running
LOOM0130,33.59,0.62,1195,58.7,4.28,51,Running
LOOM0131,34.45,1.53,1210,59.17,4.43,411,Running
LOOM0132,33.7,1.79,1184,60.75,5.12,453,Running
LOOM0133,36.75,1.38,1192,59.7,4.74,381,Running
LOOM0134,32.89,0.9,1189,58.29,4.37,207,Running
LOOM0135,35.57,1.74,1198,59.76,4.67,205,Running
LOOM0136,36.2,1.91,1212,60.16,4.64,356,Running
LOOM0137,32.24,1.15,1200,60.41,4.23,167,Running
LOOM0138,37.77,1.75,1216,60.35,4.22,441,Running
LOOM0139,36.03,0.9,1182,61.05,4.38,315,Running
LOOM0140,35.91,1.87,1191,61.99,4.64,466,Running
LOOM0141,34.95,0.64,1202,59.63,4.52,103,Running
LOOM0142,37.15,0.99,1211,59.15,5.15,466,Running
LOOM0143,36.56,0.56,1185,59.26,4.52,445,Running
LOOM0144,34.43,1.27,1180,60.63,4.74,261,Running
LOOM0145,32.33,1.28,1219,61.03,4.83,439,Running
LOOM0146,32.31,0.9,1188,61.71,4.64,407,Running
LOOM0147,34.91,0.54,1220,60.44,4.44,131,Running
LOOM0148,33.86,0.52,1206,58.37,5.19,108,Running
LOOM0149,34.77,0.68,1189,59.99,4.92,310,Running
LOOM0150,36.23,1.12,1210,61.92,4.44,332,Running
LOOM0151,32.87,0.79,1218,60.03,5.08,492,Running
LOOM0152,32.42,1.66,1206,59.36,4.99,186,Running
LOOM0153,36.92,0.92,1199,61.35,4.78,387,Running
LOOM0154,34.94,0.72,1214,59.94,4.53,440,Running
LOOM0155,35.26,1.18,1200,61.48,5.18,172,Running
LOOM0156,35.43,0.85,1206,58.17,4.94,411,Running
LOOM0157,37.48,1.07,1189,59.98,4.24,307,Running
LOOM0158,37.79,1.0,1186,61.5,4.64,319,Running
LOOM0159,37.46,0.52,1189,59.64,4.85,129,Running
LOOM0160,32.45,1.67,1196,59.35,4.89,382,Running
LOOM0161,32.48,0.99,1214,59.52,4.52,417,Running
LOOM0162,37.32,1.23,1214,58.14,4.27,373,Running
LOOM0163,36.11,0.93,1194,60.99,4.63,100,Running
LOOM0164,36.56,1.56,1186,59.77,4.89,64,Running
LOOM0165,32.28,1.69,1198,59.43,4.63,175,Running
LOOM0166,35.19,1.35,1191,58.68,4.28,495,Running
LOOM0167,34.3,1.52,1211,61.65,4.34,286,Running
LOOM0168,35.83,1.19,1180,61.6,4.67,197,Running
LOOM0169,36.07,0.74,1208,61.78,5.19,203,Running
LOOM0170,35.83,1.14,1196,59.83,4.5,246,Running
LOOM0171,37.12,0.66,1204,60.29,4.77,408,Running
LOOM0172,33.77,1.97,1205,59.1,4.77,401,Running
LOOM0173,36.67,1.96,1218,60.98,5.03,196,Running
LOOM0174,36.65,0.85,1202,58.88,4.39,178,Running
LOOM0175,36.07,1.58,1188,60.51,5.1,380,Running
LOOM0176,32.24,1.68,1182,60.32,4.93,96,Running
LOOM0177,37.46,0.99,1206,58.7,4.33,326,Running
LOOM0178,37.26,1.05,1212,61.65,5.03,181,Running
LOOM0179,37.48,1.92,1198,60.99,4.54,108,Running
LOOM0180,34.81,0.61,1194,61.44,4.92,253,Running
LOOM0181,37.8,1.71,1203,58.36,4.59,185,Running
LOOM0182,35.22,1.18,1196,60.34,5.02,240,Running
LOOM0183,32.65,0.85,1181,60.48,5.14,217,Running
LOOM0184,37.49,0.83,1184,60.54,4.66,408,Running
LOOM0185,33.81,1.11,1188,58.18,4.24,302,Running
LOOM0186,32.7,0.85,1214,58.54,4.65,393,Running
LOOM0187,37.7,1.54,1214,59.68,4.94,129,Running
LOOM0188,37.31,1.48,1211,60.46,5.14,193,Running
LOOM0189,32.2,1.06,1208,59.78,4.44,235,Running
LOOM0190,32.6,1.53,1214,61.61,4.84,81,Running
LOOM0191,34.39,0.78,1187,61.8,5.02,96,Running
LOOM0192,35.98,1.46,1218,61.88,4.25,220,Running
LOOM0193,33.46,0.69,1216,58.82,5.03,333,Running
LOOM0194,33.24,0.82,1194,59.31,4.35,355,Running
LOOM0195,32.02,1.79,1189,61.95,4.74,458,Running
LOOM0196,33.05,1.49,1181,58.53,4.56,453,Running
LOOM0197,33.43,0.99,1191,59.06,4.33,265,Running
LOOM0198,35.16,1.62,1210,59.79,4.56,353,Running
LOOM0199,32.65,1.26,1219,58.17,4.98,493,Running
LOOM0200,35.95,0.95,1181,58.24,4.68,255,Running
LOOM0201,34.56,0.66,1208,58.29,4.28,361,Running
LOOM0202,32.89,0.69,1219,60.53,4.75,216,Running
LOOM0203,34.29,1.4,1198,59.81,4.81,100,Running
LOOM0204,36.76,0.67,1215,60.88,4.42,281,Running
LOOM0205,37.33,1.12,1209,59.59,4.93,210,Running
LOOM0206,34.56,1.5,1203,61.81,4.89,292,Running
LOOM0207,32.4,1.75,1185,59.73,4.94,240,Running
LOOM0208,36.87,1.33,1217,61.83,4.76,393,Running
LOOM0209,32.73,1.03,1207,61.47,4.92,197,Running
LOOM0210,35.6,1.03,1216,60.03,4.35,296,Running
LOOM0211,33.35,0.66,1215,59.47,4.96,343,Running
LOOM0212,33.36,1.14,1215,61.9,5.02,364,Running
LOOM0213,36.05,1.34,1218,61.72,5.03,186,Running
LOOM0214,32.17,0.91,1199,61.69,4.55,142,Running
LOOM0215,37.22,1.35,1205,58.28,4.94,65,Running
LOOM0216,32.55,1.3,1204,59.68,4.54,239,Running
LOOM0217,33.87,0.99,1216,60.38,5.08,129,Running
LOOM0218,32.94,1.43,1185,59.09,4.86,298,Running
LOOM0219,35.64,1.12,1193,61.02,4.31,270,Running
LOOM0220,32.67,1.52,1217,59.95,4.87,73,Running
LOOM0221,33.32,1.98,1183,58.03,4.5,158,Running
LOOM0222,36.6,1.65,1198,59.31,4.21,432,Running
LOOM0223,34.58,0.69,1214,60.81,4.7,476,Running
LOOM0224,36.01,1.03,1205,61.45,4.24,59,Running
LOOM0225,34.76,0.62,1200,60.3,4.77,413,Running
LOOM0226,35.84,0.93,1205,58.08,4.52,460,Running
LOOM0227,37.69,1.19,1203,58.35,5.04,174,Running
LOOM0228,34.61,1.1,1185,59.58,4.51,223,Running
LOOM0229,33.33,1.67,1184,60.04,4.31,311,Running
LOOM0230,33.16,1.66,1202,60.91,5.02,467,Running
LOOM0231,32.89,0.65,1196,58.79,4.8,439,Running
LOOM0232,36.55,0.61,1220,59.98,4.95,439,Running
LOOM0233,35.48,1.52,1216,60.57,5.19,215,Running
LOOM0234,37.19,1.44,1189,59.76,4.67,373,Running
LOOM0235,33.82,0.91,1183,59.41,4.27,286,Running
LOOM0236,34.71,0.59,1198,58.31,5.06,487,Running
LOOM0237,32.54,1.39,1204,59.85,4.75,455,Running
LOOM0238,36.43,0.56,1216,60.61,4.52,293,Running
LOOM0239,35.01,1.94,1208,58.41,5.1,225,Running
LOOM0240,37.89,0.63,1191,58.16,4.91,274,Running
LOOM0241,35.14,1.41,1203,59.49,4.48,259,Running
LOOM0242,36.65,1.52,1183,61.16,4.85,83,Running
LOOM0243,33.98,1.34,1204,59.14,4.92,386,Running
LOOM0244,37.79,1.4,1189,59.33,4.78,122,Running
LOOM0245,37.5,0.97,1205,58.52,4.91,93,Running
LOOM0246,33.86,1.07,1201,61.25,4.87,474,Running
LOOM0247,37.68,2.0,1213,58.37,4.87,310,Running
LOOM0248,34.17,1.04,1191,61.8,4.54,442,Running
LOOM0249,34.92,0.84,1188,58.62,4.5,453,Running
LOOM0250,32.61,1.66,1213,58.15,4.54,442,Running
LOOM0251,35.71,1.4,1189,58.65,5.03,444,Running
LOOM0252,35.75,1.85,1208,58.17,4.56,418,Running
LOOM0253,33.43,1.17,1198,61.01,4.98,169,Running
LOOM0254,35.2,0.96,1210,61.62,4.39,397,Running
LOOM0255,37.68,1.98,1209,61.08,4.98,307,Running
LOOM0256,35.16,1.95,1192,61.21,4.34,178,Running
LOOM0257,32.31,1.22,1203,60.22,4.3,483,Running
LOOM0258,35.1,0.69,1185,61.05,4.47,312,Running
LOOM0259,32.88,1.16,1194,61.27,5.08,63,Running
LOOM0260,34.49,1.09,1203,58.94,5.19,241,Running
LOOM0261,33.35,0.98,1186,61.36,4.85,455,Running
LOOM0262,32.88,0.56,1210,60.78,4.34,411,Running
LOOM0263,34.81,1.42,1185,58.08,4.42,126,Running
LOOM0264,35.29,1.59,1213,59.69,4.98,171,Running
LOOM0265,33.81,0.57,1206,60.56,4.82,82,Running
LOOM0266,32.67,1.86,1218,60.14,4.83,344,Running
LOOM0267,33.45,0.72,1207,58.01,4.55,342,Running
LOOM0268,34.5,1.5,1185,60.09,4.56,319,Running
LOOM0269,35.26,1.68,1212,60.22,4.59,290,Running
LOOM0270,32.26,1.08,1203,59.01,4.22,453,Running
LOOM0271,32.41,0.86,1220,58.41,4.78,437,Running
LOOM0272,34.0,0.57,1214,59.35,4.84,475,Running
LOOM0273,36.67,1.2,1210,60.53,5.01,82,Running
LOOM0274,36.3,1.92,1182,59.17,4.24,152,Running
LOOM0275,37.31,0.97,1199,60.06,5.19,328,Running
LOOM0276,34.84,0.55,1192,59.14,5.06,74,Running
LOOM0277,37.19,1.0,1187,61.2,4.64,254,Running
LOOM0278,36.46,1.84,1204,59.36,4.39,404,Running
LOOM0279,34.99,1.89,1213,59.07,4.28,267,Running
LOOM0280,32.47,1.4,1191,60.18,4.52,90,Running
LOOM0281,33.97,0.94,1208,60.41,4.63,403,Running
LOOM0282,34.66,1.17,1202,60.46,4.63,377,Running
LOOM0283,37.88,1.92,1184,60.68,4.61,312,Running
LOOM0284,36.81,1.52,1181,58.57,4.81,450,Running
LOOM0285,34.63,0.69,1195,61.11,4.57,246,Running
LOOM0286,37.7,0.55,1189,60.72,5.15,240,Running
LOOM0287,34.66,0.62,1188,60.12,4.6,382,Running
LOOM0288,33.67,1.94,1181,60.94,4.7,248,Running
LOOM0289,37.48,0.68,1196,60.82,4.41,363,Running
LOOM0290,33.71,1.87,1211,58.8,4.34,87,Running
LOOM0291,34.71,1.85,1208,61.99,5.01,482,Running
LOOM0292,37.92,1.5,1184,60.2,4.49,203,Running
LOOM0293,37.11,1.57,1220,58.7,4.56,164,Running
LOOM0294,32.73,0.8,1188,58.95,4.69,234,Running
LOOM0295,35.32,1.05,1215,58.52,5.08,83,Running
LOOM0296,33.86,2.0,1210,60.1,4.97,471,Running
LOOM0297,35.45,0.69,1200,60.57,4.65,398,Running
LOOM0298,35.1,0.69,1215,60.56,4.38,116,Running
LOOM0299,34.6,1.87,1183,61.33,4.72,205,Running
LOOM0300,32.99,0.98,1194,59.38,5.14,195,Running
LOOM0301,37.08,0.88,1220,61.83,4.47,370,Running
LOOM0302,33.82,1.3,1212,60.56,4.79,347,Running
LOOM0303,32.93,1.49,1218,59.35,5.12,71,Running
LOOM0304,36.95,0.54,1182,61.79,4.97,185,Running
LOOM0305,35.91,1.65,1206,60.47,4.23,371,Running
LOOM0306,35.27,1.46,1199,59.93,5.0,400,Running
LOOM0307,34.44,1.18,1183,58.63,4.62,287,Running
LOOM0308,33.22,1.41,1200,61.45,4.52,490,Running
LOOM0309,34.07,1.1,1203,60.06,4.31,173,Running
LOOM0310,34.8,0.9,1195,58.56,4.25,246,Running
LOOM0311,37.18,1.13,1190,61.25,5.13,419,Running
LOOM0312,33.88,1.64,1211,61.98,4.67,500,Running
LOOM0313,33.85,0.53,1205,60.02,5.17,160,Running
LOOM0314,35.5,0.57,1198,59.98,5.08,384,Running
LOOM0315,36.04,0.93,1180,61.39,4.63,185,Running
LOOM0316,36.37,1.65,1203,58.18,4.25,337,Running
LOOM0317,33.17,1.33,1184,59.55,4.65,331,Running
LOOM0318,33.68,1.98,1219,58.48,5.18,251,Running
LOOM0319,34.24,1.98,1215,61.76,4.95,151,Running
LOOM0320,35.61,1.1,1182,58.18,4.34,220,Running
LOOM0321,36.82,1.28,1189,60.43,4.72,217,Running
LOOM0322,37.59,0.98,1205,61.96,4.94,203,Running
LOOM0323,35.56,1.26,1212,60.13,4.91,203,Running
LOOM0324,34.85,0.52,1201,60.7,5.18,348,Running
LOOM0325,33.85,1.85,1220,58.11,4.67,385,Running
LOOM0326,36.7,1.66,1216,58.91,4.25,295,Running
LOOM0327,33.02,1.44,1219,61.1,4.58,470,Running
LOOM0328,36.08,0.55,1187,58.76,4.64,264,Running
LOOM0329,32.91,1.54,1206,60.01,4.81,291,Running
LOOM0330,37.24,1.6,1183,60.82,4.72,337,Running
LOOM0331,33.95,1.49,1213,59.51,5.16,285,Running
LOOM0332,37.47,1.01,1202,60.7,5.07,398,Running
LOOM0333,35.86,1.54,1219,59.94,5.16,192,Running
LOOM0334,35.35,0.84,1199,61.08,4.9,403,Running
LOOM0335,36.23,0.98,1202,60.24,5.13,419,Running
LOOM0336,33.64,0.68,1214,59.52,5.18,469,Running
LOOM0337,34.07,1.66,1189,59.16,4.49,415,Running
LOOM0338,32.47,1.89,1196,60.99,4.41,473,Running
LOOM0339,35.23,1.9,1197,58.55,4.82,350,Running
LOOM0340,33.44,0.58,1213,58.9,4.43,101,Running
LOOM0341,34.48,1.58,1186,60.72,4.34,331,Running
LOOM0342,37.87,0.74,1210,59.91,4.4,197,Running
LOOM0343,33.93,1.47,1185,60.61,4.43,428,Running
LOOM0344,36.34,1.91,1191,59.67,5.04,68,Running
LOOM0345,37.98,1.1,1211,58.75,4.95,496,Running
LOOM0346,37.56,1.82,1180,59.19,4.8,221,Running
LOOM0347,33.71,1.98,1214,60.1,5.09,118,Running
LOOM0348,37.11,1.2,1192,61.24,4.53,424,Running
LOOM0349,34.75,0.89,1191,58.06,4.54,201,Running
LOOM0350,35.41,1.64,1191,60.44,4.84,257,Running
LOOM0351,36.96,1.27,1185,59.6,4.3,121,Running
LOOM0352,34.86,1.9,1180,59.04,4.44,435,Running
LOOM0353,33.6,0.99,1217,60.89,4.21,384,Running
LOOM0354,34.16,0.85,1187,59.86,4.36,401,Running
LOOM0355,35.02,1.84,1199,60.76,4.84,201,Running
LOOM0356,34.21,0.83,1188,59.91,4.65,360,Running
LOOM0357,34.24,1.55,1210,61.03,5.0,472,Running
LOOM0358,33.31,0.87,1218,61.49,4.28,278,Running
LOOM0359,35.17,1.04,1216,58.45,5.03,308,Running
LOOM0360,33.21,1.3,1190,59.31,4.72,109,Running
LOOM0361,36.08,1.58,1211,58.36,4.71,464,Running
LOOM0362,32.33,0.7,1206,59.83,4.26,286,Running
LOOM0363,36.04,0.96,1181,59.58,5.02,431,Running
LOOM0364,33.31,0.61,1207,59.38,4.26,80,Running
LOOM0365,37.61,0.6,1210,58.13,4.61,443,Running
LOOM0366,32.81,1.46,1206,59.5,5.09,279,Running
LOOM0367,37.22,1.86,1204,58.32,5.16,497,Running
LOOM0368,35.24,1.48,1202,58.47,5.19,251,Running
LOOM0369,35.17,1.59,1194,61.34,4.96,202,Running
LOOM0370,34.78,1.58,1207,60.13,5.02,176,Running
LOOM0371,34.76,0.73,1192,61.75,4.93,107,Running
LOOM0372,32.19,1.49,1219,61.06,5.08,58,Running
LOOM0373,33.44,0.6,1218,58.13,4.8,410,Running
LOOM0374,37.23,0.87,1182,59.61,4.43,161,Running
LOOM0375,36.53,1.66,1188,60.02,4.49,467,Running
LOOM0376,37.5,1.36,1216,60.39,4.87,214,Running
LOOM0377,33.42,1.81,1213,58.88,4.5,81,Running
LOOM0378,35.34,1.39,1191,60.5,4.63,303,Running
LOOM0379,32.28,1.02,1204,61.14,4.52,263,Running
LOOM0380,34.45,0.95,1191,61.02,4.67,484,Running
LOOM0381,33.35,1.79,1189,61.22,5.11,337,Running
LOOM0382,34.48,1.12,1213,58.54,4.44,154,Running
LOOM0383,33.98,0.62,1208,61.39,4.29,420,Running
LOOM0384,36.98,0.58,1204,60.69,4.8,497,Running
LOOM0385,32.44,1.71,1217,60.9,4.76,295,Running
LOOM0386,33.25,1.86,1199,61.83,4.22,147,Running
LOOM0387,37.77,0.68,1210,61.66,4.9,410,Running
LOOM0388,33.23,1.87,1215,59.29,4.48,288,Running
LOOM0389,35.2,1.04,1196,59.44,5.08,288,Running
LOOM0390,32.59,1.97,1210,61.05,4.52,154,Running
LOOM0391,34.22,1.12,1216,61.46,4.94,58,Running
LOOM0392,33.56,1.9,1217,60.88,4.5,150,Running
LOOM0393,33.98,1.07,1195,60.0,4.85,400,Running
LOOM0394,34.03,1.65,1211,61.87,4.84,301,Running
LOOM0395,34.76,1.6,1202,58.68,4.92,300,Running
LOOM0396,33.1,1.83,1183,60.1,5.04,88,Running
LOOM0397,37.67,1.5,1180,59.65,5.04,168,Running
LOOM0398,32.41,0.73,1193,60.02,4.57,366,Running
LOOM0399,35.83,1.9,1210,60.64,4.22,322,Running
LOOM0400,35.31,0.52,1213,60.89,4.74,196,Running
LOOM0401,32.1,1.72,1207,61.22,5.11,104,Running
LOOM0402,37.51,1.29,1195,58.77,4.73,467,Running
LOOM0403,34.13,1.69,1185,59.49,4.61,339,Running
LOOM0404,33.46,1.55,1199,60.74,5.05,384,Running
LOOM0405,37.95,1.47,1182,58.37,4.58,332,Running
LOOM0406,34.86,1.46,1190,58.33,5.05,380,Running
LOOM0407,36.71,1.35,1186,61.58,5.12,167,Running
LOOM0408,33.27,1.8,1216,59.9,4.25,88,Running
LOOM0409,36.11,0.92,1214,60.25,4.23,485,Running
LOOM0410,33.89,1.94,1217,58.58,5.02,470,Running
LOOM0411,34.39,0.62,1190,60.26,4.77,484,Running
LOOM0412,34.33,1.84,1201,59.54,4.94,454,Running
LOOM0413,37.93,1.59,1212,60.98,4.55,100,Running
LOOM0414,34.62,1.76,1201,60.42,4.81,354,Running
LOOM0415,34.38,1.66,1181,60.54,4.98,280,Running
LOOM0416,34.94,1.03,1204,59.73,4.88,388,Running
LOOM0417,34.28,1.66,1198,61.19,4.91,92,Running
LOOM0418,33.61,1.07,1220,58.62,4.59,234,Running
LOOM0419,32.64,0.51,1199,59.78,4.96,102,Running
LOOM0420,32.8,0.78,1208,60.23,4.71,102,Running
LOOM0421,32.16,1.03,1185,60.39,4.98,492,Running
LOOM0422,34.31,0.94,1204,61.12,4.92,336,Running
LOOM0423,37.43,1.97,1216,60.08,4.89,136,Running
LOOM0424,32.83,0.95,1211,58.58,4.37,191,Running
LOOM0425,34.53,1.23,1184,59.44,5.14,419,Running
LOOM0426,35.75,1.39,1192,59.83,4.34,53,Running
LOOM0427,37.69,1.0,1219,59.52,5.06,275,Running
LOOM0428,34.01,1.72,1218,58.54,4.52,405,Running
LOOM0429,33.21,0.97,1205,61.87,4.49,405,Running
LOOM0430,35.8,1.95,1195,59.3,4.48,452,Running
LOOM0431,34.36,0.67,1216,58.8,5.2,142,Running
LOOM0432,36.09,1.33,1209,61.77,4.41,458,Running
LOOM0433,33.75,1.54,1206,60.69,4.34,205,Running
LOOM0434,33.45,1.49,1207,61.16,4.27,356,Running
LOOM0435,34.88,1.1,1212,61.69,5.07,264,Running
LOOM0436,35.26,1.69,1203,60.81,5.01,354,Running
LOOM0437,35.83,0.63,1195,60.63,4.56,381,Running
LOOM0438,35.68,1.34,1205,61.87,4.53,457,Running
LOOM0439,34.58,0.52,1196,58.89,4.95,335,Running
LOOM0440,35.48,1.36,1208,59.5,4.66,397,Running
LOOM0441,35.53,1.25,1202,61.99,4.68,201,Running
LOOM0442,34.5,1.94,1187,61.33,4.93,228,Running
LOOM0443,33.87,1.18,1193,60.08,4.55,99,Running
LOOM0444,34.63,1.55,1200,58.27,4.24,413,Running
LOOM0445,32.69,1.77,1186,60.71,4.36,429,Running
LOOM0446,33.46,0.76,1190,59.32,4.63,286,Running
LOOM0447,33.39,1.11,1191,58.75,4.86,252,Running
LOOM0448,32.18,1.42,1192,59.8,4.63,52,Running
LOOM0449,36.23,0.81,1184,60.31,5.0,324,Running
LOOM0450,33.12,0.99,1209,58.46,4.87,300,Running
LOOM0451,35.17,1.46,1218,59.55,4.59,108,Running
LOOM0452,34.09,1.77,1219,58.69,4.87,459,Running
LOOM0453,33.78,1.42,1185,60.69,4.51,172,Running
LOOM0454,33.83,0.77,1189,60.04,4.62,120,Running
LOOM0455,35.45,1.13,1211,60.54,4.89,380,Running
LOOM0456,37.58,0.76,1190,59.96,4.34,211,Running
LOOM0457,37.05,1.43,1202,61.81,4.68,149,Running
LOOM0458,36.89,1.95,1212,60.61,4.61,301,Running
LOOM0459,34.49,1.76,1211,58.67,4.77,457,Running
LOOM0460,36.57,0.94,1197,58.9,4.49,449,Running
LOOM0461,34.74,1.61,1211,60.2,4.31,108,Running
LOOM0462,33.61,1.31,1203,60.17,4.96,439,Running
LOOM0463,36.31,1.32,1207,58.41,5.03,434,Running
LOOM0464,33.49,1.81,1182,59.8,4.55,468,Running
LOOM0465,32.52,1.8,1187,61.1,4.44,465,Running
LOOM0466,36.43,1.53,1219,60.53,4.37,121,Running
LOOM0467,36.71,1.72,1183,60.28,4.73,355,Running
LOOM0468,35.23,0.99,1198,59.16,4.47,489,Running
LOOM0469,35.09,1.85,1186,58.54,4.95,260,Running
LOOM0470,37.51,1.99,1188,60.81,4.33,124,Running
LOOM0471,36.27,1.74,1205,59.96,4.78,187,Running
LOOM0472,35.77,1.06,1184,60.53,5.08,97,Running
LOOM0473,34.42,1.62,1203,59.82,4.69,347,Running
LOOM0474,32.01,1.66,1185,60.92,4.66,390,Running
LOOM0475,36.18,1.78,1214,59.59,5.17,472,Running
LOOM0476,33.27,0.9,1198,59.35,4.78,339,Running
LOOM0477,37.11,1.68,1183,58.18,4.83,478,Running
LOOM0478,34.76,0.69,1190,59.77,4.2,269,Running
LOOM0479,33.21,1.53,1188,61.53,4.5,497,Running
LOOM0480,37.6,0.91,1203,59.0,4.57,382,Running
LOOM0481,32.99,1.09,1199,60.9,4.96,269,Running
LOOM0482,35.93,1.56,1180,58.85,4.28,353,Running
LOOM0483,33.36,1.52,1180,58.03,4.54,111,Running
LOOM0484,37.93,1.13,1188,59.91,4.43,95,Running
LOOM0485,36.38,0.65,1200,59.47,4.5,245,Running
LOOM0486,36.64,1.63,1188,60.57,4.88,85,Running
LOOM0487,35.18,0.51,1190,59.76,4.92,371,Running
LOOM0488,36.49,1.88,1219,60.75,5.06,94,Running
LOOM0489,37.38,0.71,1187,60.36,4.58,269,Running
LOOM0490,33.89,0.71,1197,60.58,4.45,357,Running
LOOM0491,35.6,1.41,1181,61.39,4.86,204,Running
LOOM0492,33.23,1.41,1192,60.99,4.5,77,Running
LOOM0493,36.7,1.69,1195,59.98,4.31,305,Running
LOOM0494,35.83,0.61,1180,61.95,5.13,117,Running
LOOM0495,34.32,1.76,1206,59.46,4.88,440,Running
LOOM0496,34.83,1.98,1184,58.07,4.27,184,Running
LOOM0497,33.29,1.88,1205,60.03,4.83,306,Running
LOOM0498,36.6,1.14,1205,58.33,4.74,365,Running
LOOM0499,32.92,0.63,1185,60.05,4.4,463,Running
LOOM0500,32.93,0.99,1217,60.54,5.03,398,Running
LOOM0501,35.86,0.97,1207,60.92,5.05,79,Running
LOOM0502,33.47,1.89,1187,59.81,4.81,208,Running
LOOM0503,36.0,1.49,1191,58.48,4.91,409,Running
LOOM0504,32.07,1.24,1202,60.09,4.98,419,Running
LOOM0505,33.56,1.06,1197,60.93,4.32,65,Running
LOOM0506,34.01,1.14,1213,58.26,4.91,345,Running
LOOM0507,35.77,1.24,1212,59.44,4.7,340,Running
LOOM0508,33.0,0.74,1186,61.58,4.87,109,Running
LOOM0509,33.37,1.26,1182,61.43,4.21,73,Running
LOOM0510,34.83,1.07,1189,58.72,5.16,68,Running
LOOM0511,35.32,1.87,1206,58.9,4.45,418,Running
LOOM0512,33.92,1.74,1216,59.49,4.7,76,Running
LOOM0513,33.08,1.71,1182,61.82,4.27,288,Running
LOOM0514,37.2,1.66,1199,59.31,4.75,54,Running
LOOM0515,34.21,0.94,1199,60.96,4.44,238,Running
LOOM0516,35.55,1.24,1192,60.93,4.75,457,Running
LOOM0517,33.47,0.51,1206,58.1,4.74,375,Running
LOOM0518,37.04,1.82,1201,58.01,4.86,484,Running
LOOM0519,36.43,0.96,1193,60.12,4.44,301,Running
LOOM0520,37.77,1.96,1189,60.85,4.29,168,Running
LOOM0521,37.38,1.28,1203,59.83,4.95,347,Running
LOOM0522,32.57,0.7,1205,58.3,4.77,272,Running
LOOM0523,35.97,0.7,1198,59.04,4.52,460,Running
LOOM0524,34.36,1.75,1200,59.27,4.47,88,Running
LOOM0525,37.66,0.7,1217,58.44,4.31,280,Running
LOOM0526,34.8,1.11,1214,59.43,4.97,281,Running
LOOM0527,33.85,0.9,1187,58.36,5.01,205,Running
LOOM0528,36.96,1.55,1182,58.86,5.06,125,Running
LOOM0529,32.55,0.87,1202,59.58,4.25,203,Running
LOOM0530,33.56,1.99,1181,61.81,5.05,334,Running
LOOM0531,36.49,0.87,1209,58.41,4.99,112,Running
LOOM0532,32.07,1.75,1194,58.52,5.02,240,Running
LOOM0533,36.12,1.91,1185,60.33,4.46,466,Running
LOOM0534,32.45,2.0,1192,61.61,4.64,115,Running
LOOM0535,32.55,1.77,1201,58.49,5.14,75,Running
LOOM0536,33.01,1.36,1205,59.98,4.58,268,Running
LOOM0537,33.04,0.82,1191,59.1,4.65,126,Running
LOOM0538,32.21,1.43,1195,60.59,4.7,331,Running
LOOM0539,34.87,0.63,1204,58.55,4.4,458,Running
LOOM0540,35.15,1.45,1214,61.18,5.19,450,Running
LOOM0541,36.28,1.22,1211,59.38,4.77,214,Running
LOOM0542,34.33,0.77,1200,60.39,4.23,465,Running
LOOM0543,36.67,0.59,1210,60.12,4.97,169,Running
LOOM0544,37.84,0.65,1195,59.07,5.02,427,Running
LOOM0545,32.34,1.99,1194,60.3,5.18,248,Running
LOOM0546,34.13,1.76,1191,58.7,4.79,462,Running
LOOM0547,36.43,1.04,1217,58.11,4.9,340,Running
LOOM0548,35.38,1.34,1192,61.35,5.01,302,Running
LOOM0549,35.25,0.76,1182,58.36,4.43,162,Running
LOOM0550,32.12,1.22,1201,61.67,4.4,116,Running
LOOM0551,34.04,0.77,1200,58.24,4.35,410,Running
LOOM0552,37.5,1.66,1213,61.44,5.16,241,Running
LOOM0553,36.23,1.49,1217,58.4,4.5,119,Running
LOOM0554,37.86,1.6,1207,61.17,5.16,382,Running
LOOM0555,33.9,1.56,1215,60.77,5.13,452,Running
LOOM0556,34.14,1.5,1191,59.51,4.93,200,Running
LOOM0557,32.76,1.59,1216,59.57,5.19,340,Running
LOOM0558,32.19,1.4,1219,58.88,4.77,304,Running
LOOM0559,32.84,1.62,1195,59.39,4.52,375,Running
LOOM0560,37.31,0.63,1220,60.92,4.54,55,Running
LOOM0561,33.59,0.87,1184,59.4,4.99,418,Running
LOOM0562,32.01,1.08,1206,61.88,5.08,302,Running
LOOM0563,37.29,1.03,1204,58.41,4.68,492,Running
LOOM0564,35.47,1.64,1194,58.65,4.27,483,Running
LOOM0565,32.2,0.53,1196,61.81,4.27,137,Running
LOOM0566,37.33,0.74,1184,60.19,5.1,97,Running
LOOM0567,34.03,1.98,1210,60.82,4.63,384,Running
LOOM0568,32.99,1.83,1190,58.21,4.53,147,Running
LOOM0569,34.46,1.33,1214,59.06,4.48,171,Running
LOOM0570,32.58,1.09,1215,61.36,4.35,234,Running
LOOM0571,32.02,0.63,1220,60.4,4.4,63,Running
LOOM0572,33.24,1.46,1185,59.89,4.32,451,Running
LOOM0573,34.38,1.23,1196,58.36,4.74,144,Running
LOOM0574,34.23,1.07,1191,59.78,4.46,288,Running
LOOM0575,33.58,1.76,1216,58.25,4.95,391,Running
LOOM0576,32.58,1.5,1214,59.66,4.96,166,Running
LOOM0577,35.32,1.76,1213,59.67,4.74,493,Running
LOOM0578,37.62,1.36,1195,59.91,4.28,487,Running
LOOM0579,36.29,1.25,1213,61.2,4.88,367,Running
LOOM0580,32.88,1.92,1208,58.69,5.18,158,Running
LOOM0581,36.85,0.69,1207,58.31,4.88,153,Running
LOOM0582,37.98,1.44,1218,59.03,5.11,463,Running
LOOM0583,32.4,1.08,1205,60.21,5.06,316,Running
LOOM0584,34.75,1.81,1219,60.35,4.98,107,Running
LOOM0585,34.49,0.72,1217,60.33,5.16,101,Running
LOOM0586,37.55,1.34,1186,61.14,5.07,500,Running
LOOM0587,34.06,1.12,1204,60.62,4.77,292,Running
LOOM0588,32.22,0.91,1189,60.47,4.88,255,Running
LOOM0589,32.23,1.83,1201,60.76,4.25,293,Running
LOOM0590,37.53,1.85,1181,59.35,4.99,209,Running
LOOM0591,33.68,1.24,1186,61.89,4.43,203,Running
LOOM0592,37.85,1.16,1200,59.08,4.62,380,Running
LOOM0593,32.54,1.16,1206,60.96,4.96,494,Running
LOOM0594,34.24,0.58,1190,58.26,4.91,256,Running
LOOM0595,32.81,1.78,1216,58.12,4.39,476,Running
LOOM0596,33.2,0.59,1182,59.83,5.12,410,Running
LOOM0597,33.19,1.05,1209,60.02,4.84,113,Running
LOOM0598,36.09,0.86,1211,60.38,4.38,495,Running
LOOM0599,34.85,1.33,1202,58.65,5.09,433,Running
LOOM0600,36.99,0.64,1181,59.55,4.36,342,Running
LOOM0601,36.68,0.82,1194,60.59,4.88,187,Running
LOOM0602,35.91,1.27,1180,59.9,4.33,138,Running
LOOM0603,35.61,0.51,1196,60.43,5.14,414,Running
LOOM0604,37.8,1.46,1207,61.58,5.05,285,Running
LOOM0605,33.51,1.2,1213,61.3,4.6,102,Running
LOOM0606,32.04,2.0,1203,60.25,4.79,194,Running
LOOM0607,33.79,0.66,1184,59.35,4.48,216,Running
LOOM0608,37.17,0.89,1199,58.75,4.72,173,Running
LOOM0609,37.4,1.71,1218,59.62,4.52,121,Running
LOOM0610,36.33,1.48,1198,59.04,4.62,248,Running
LOOM0611,36.42,1.37,1216,61.26,4.54,415,Running
LOOM0612,33.33,1.3,1210,61.63,4.87,309,Running
LOOM0613,33.8,0.75,1215,58.72,4.3,115,Running
LOOM0614,36.45,1.59,1215,61.05,4.38,398,Running
LOOM0615,37.4,1.48,1194,59.42,4.94,207,Running
LOOM0616,34.52,1.83,1203,59.04,4.49,485,Running
LOOM0617,32.71,0.58,1220,60.33,5.14,86,Running
LOOM0618,34.83,0.79,1187,61.47,4.58,202,Running
LOOM0619,34.48,1.81,1189,58.55,4.4,259,Running
LOOM0620,37.92,1.84,1209,58.57,5.06,142,Running
LOOM0621,36.67,1.23,1220,61.95,4.51,79,Running
LOOM0622,32.03,0.91,1190,60.31,4.36,452,Running
LOOM0623,36.58,0.63,1219,59.73,4.63,269,Running
LOOM0624,37.79,1.07,1182,60.14,4.93,57,Running
LOOM0625,37.35,1.64,1213,58.76,4.88,370,Running
LOOM0626,36.4,0.84,1202,59.25,4.3,307,Running
LOOM0627,35.53,0.75,1182,59.19,4.49,422,Running
LOOM0628,35.12,1.29,1207,61.55,5.2,225,Running
LOOM0629,37.98,1.24,1192,58.66,5.11,465,Running
LOOM0630,34.42,0.84,1188,58.84,4.22,308,Running
LOOM0631,33.01,1.05,1182,59.5,4.84,444,Running
LOOM0632,35.21,0.57,1183,60.65,4.85,60,Running
LOOM0633,32.29,0.67,1208,59.52,4.75,292,Running
LOOM0634,36.21,0.81,1220,58.04,4.62,101,Running
LOOM0635,35.97,0.9,1218,60.8,4.62,103,Running
LOOM0636,35.07,1.43,1198,58.46,4.31,151,Running
LOOM0637,35.65,1.67,1213,61.89,4.56,259,Running
LOOM0638,33.77,0.56,1211,61.64,4.89,296,Running
LOOM0639,33.98,0.5,1185,61.63,5.04,392,Running
LOOM0640,34.96,1.92,1212,58.3,4.92,181,Running
LOOM0641,35.87,1.19,1198,59.06,4.25,466,Running
LOOM0642,33.05,0.56,1198,59.44,4.88,268,Running
LOOM0643,36.43,0.64,1182,58.04,4.34,381,Running
LOOM0644,33.02,1.04,1208,61.82,4.47,425,Running
LOOM0645,32.56,1.72,1191,58.46,4.6,283,Running
LOOM0646,33.63,1.08,1210,61.2,4.85,458,Running
LOOM0647,33.0,0.7,1183,61.93,5.04,103,Running
LOOM0648,34.5,1.39,1216,60.71,4.38,244,Running
LOOM0649,36.67,1.42,1188,59.93,4.69,260,Running
LOOM0650,34.64,0.6,1200,58.05,5.07,318,Running
LOOM0651,36.61,1.36,1216,58.9,5.16,497,Running
LOOM0652,34.03,1.28,1219,58.38,4.86,177,Running
LOOM0653,34.89,1.5,1204,58.59,5.03,363,Running
LOOM0654,32.33,1.47,1190,60.02,4.67,303,Running
LOOM0655,37.22,0.61,1211,59.28,4.53,192,Running
LOOM0656,32.3,0.83,1204,59.61,4.43,285,Running
LOOM0657,34.67,1.36,1185,61.43,4.65,110,Running
LOOM0658,37.88,1.62,1181,58.41,4.61,335,Running
LOOM0659,35.29,1.74,1218,61.85,4.84,310,Running
LOOM0660,35.37,1.48,1209,61.8,4.56,77,Running
LOOM0661,36.9,1.77,1201,60.24,4.82,292,Running
LOOM0662,36.3,1.04,1208,58.46,4.96,163,Running
LOOM0663,32.01,1.03,1220,61.86,4.49,317,Running
LOOM0664,34.24,0.66,1190,59.97,5.02,430,Running
LOOM0665,36.33,0.66,1219,58.78,4.32,486,Running
LOOM0666,34.36,1.19,1192,60.87,4.31,262,Running
LOOM0667,32.28,1.45,1217,58.49,5.09,284,Running
LOOM0668,35.95,1.93,1188,61.86,4.2,426,Running
LOOM0669,32.29,1.9,1217,59.93,4.71,140,Running
LOOM0670,36.15,0.76,1188,58.41,4.86,360,Running
LOOM0671,37.3,1.26,1204,59.67,4.81,404,Running
LOOM0672,36.57,0.91,1201,61.88,4.65,118,Running
LOOM0673,32.83,1.4,1212,59.2,4.9,490,Running
LOOM0674,33.88,1.61,1215,60.53,4.4,369,Running
LOOM0675,36.29,1.53,1188,61.93,4.85,141,Running
LOOM0676,35.02,1.54,1200,60.84,4.96,337,Running
LOOM0677,34.88,1.36,1206,60.7,5.09,323,Running
LOOM0678,33.72,1.77,1180,60.09,4.23,124,Running
LOOM0679,32.32,0.58,1197,61.0,4.36,196,Running
LOOM0680,36.1,0.72,1183,60.76,4.5,435,Running
LOOM0681,35.25,1.04,1208,58.41,5.07,428,Running
LOOM0682,35.37,0.84,1215,59.56,4.71,457,Running
LOOM0683,36.79,0.93,1183,61.71,4.59,453,Running
LOOM0684,37.85,0.97,1215,58.22,4.94,153,Running
LOOM0685,35.72,1.67,1208,61.32,5.11,410,Running
LOOM0686,36.26,1.05,1217,60.19,4.8,447,Running
LOOM0687,36.35,0.79,1208,58.71,4.88,145,Running
LOOM0688,37.77,1.6,1187,59.51,4.63,334,Running
LOOM0689,33.59,0.74,1196,58.02,4.67,129,Running
LOOM0690,32.24,1.89,1218,58.2,5.13,365,Running
LOOM0691,37.06,0.95,1216,60.2,4.27,412,Running
LOOM0692,33.91,0.83,1191,60.08,4.99,131,Running
LOOM0693,34.5,1.31,1185,59.4,5.08,389,Running
LOOM0694,33.99,1.04,1193,61.8,4.82,293,Running
LOOM0695,37.98,1.74,1180,58.46,4.55,173,Running
LOOM0696,37.43,1.42,1219,58.98,4.24,214,Running
LOOM0697,34.29,1.69,1187,59.54,4.74,194,Running
LOOM0698,32.15,1.28,1203,60.06,4.71,299,Running
LOOM0699,32.26,1.85,1192,59.28,4.28,99,Running
LOOM0700,33.0,1.93,1214,60.13,4.83,157,Running
LOOM0701,36.02,1.66,1207,61.34,4.41,474,Running
LOOM0702,36.22,1.96,1207,60.59,5.14,432,Running
LOOM0703,36.12,0.54,1201,58.15,4.27,141,Running
LOOM0704,36.77,1.34,1216,61.29,5.11,258,Running
LOOM0705,34.33,1.45,1207,59.27,4.59,110,Running
LOOM0706,35.21,1.46,1219,58.25,4.95,73,Running
LOOM0707,36.21,0.61,1212,58.42,4.99,204,Running
LOOM0708,35.64,0.92,1208,59.53,5.02,65,Running
LOOM0709,34.84,1.3,1188,60.99,5.0,484,Running
LOOM0710,35.27,1.94,1189,59.19,5.09,457,Running
LOOM0711,37.2,1.47,1180,60.21,4.76,113,Running
LOOM0712,32.25,1.36,1205,60.15,5.15,206,Running
LOOM0713,33.26,1.61,1202,58.85,5.11,485,Running
LOOM0714,35.08,0.74,1194,60.47,4.45,108,Running
LOOM0715,33.09,1.7,1183,61.41,5.13,331,Running
LOOM0716,34.77,1.32,1198,60.69,4.45,151,Running
LOOM0717,36.35,1.23,1201,59.43,4.87,170,Running
LOOM0718,32.6,1.43,1192,59.27,4.65,365,Running
LOOM0719,35.96,1.54,1189,60.26,4.56,211,Running
LOOM0720,37.75,0.75,1200,58.98,4.42,428,Running
LOOM0721,35.85,0.92,1203,58.54,4.93,499,Running
LOOM0722,34.88,1.17,1199,59.95,4.31,380,Running
LOOM0723,35.64,1.76,1188,61.57,4.4,425,Running
LOOM0724,37.32,0.61,1184,61.57,5.05,373,Running
LOOM0725,32.19,1.37,1205,61.08,4.41,68,Running
LOOM0726,35.31,1.32,1214,59.89,4.98,237,Running
LOOM0727,34.35,1.84,1217,60.93,4.49,287,Running
LOOM0728,35.01,0.64,1203,60.01,4.86,484,Running
LOOM0729,37.78,1.97,1190,61.03,4.34,131,Running
LOOM0730,33.07,1.92,1189,60.94,4.68,233,Running
LOOM0731,32.24,1.64,1194,58.25,4.57,71,Running
LOOM0732,36.01,1.28,1203,59.55,5.12,73,Running
LOOM0733,32.24,1.47,1186,60.81,4.72,474,Running
LOOM0734,33.64,1.61,1217,60.18,4.37,384,Running
LOOM0735,34.27,1.38,1184,60.07,4.58,164,Running
LOOM0736,35.1,1.03,1202,59.95,4.68,359,Running
LOOM0737,32.04,1.82,1208,58.66,4.28,379,Running
LOOM0738,33.68,0.73,1190,59.45,4.92,110,Running
LOOM0739,35.97,1.12,1201,60.88,4.68,295,Running
LOOM0740,34.87,1.39,1206,58.09,4.24,343,Running
LOOM0741,35.55,0.7,1212,58.16,4.77,78,Running
LOOM0742,33.0,1.88,1213,61.83,4.8,338,Running
LOOM0743,35.83,1.82,1198,61.79,4.42,360,Running
LOOM0744,37.96,1.8,1190,58.88,4.61,123,Running
LOOM0745,36.77,1.73,1191,60.49,4.71,135,Running
LOOM0746,36.35,1.01,1209,60.39,4.27,243,Running
LOOM0747,34.31,0.66,1192,60.09,5.11,400,Running
LOOM0748,34.52,0.72,1186,58.71,5.1,357,Running
LOOM0749,32.23,1.68,1212,61.01,4.29,387,Running
LOOM0750,32.78,1.41,1180,61.59,4.97,382,Running
LOOM0751,34.59,1.13,1182,60.79,4.63,460,Running
LOOM0752,34.89,1.65,1202,60.36,4.94,439,Running
LOOM0753,37.02,1.36,1207,58.54,4.68,169,Running
LOOM0754,37.46,0.63,1218,61.51,4.61,146,Running
LOOM0755,32.03,1.62,1180,60.31,4.32,53,Running
LOOM0756,34.25,0.81,1200,59.64,4.31,268,Running
LOOM0757,35.91,0.88,1214,59.69,4.57,191,Running
LOOM0758,37.95,1.1,1193,59.65,4.98,297,Running
LOOM0759,33.07,1.34,1210,59.02,4.51,226,Running
LOOM0760,36.65,1.1,1188,61.42,4.86,432,Running
LOOM0761,33.38,1.67,1190,58.4,4.71,452,Running
LOOM0762,34.03,1.33,1183,58.64,5.16,52,Running
LOOM0763,36.83,1.73,1210,61.7,4.64,82,Running
LOOM0764,33.58,1.06,1218,58.15,4.58,255,Running
LOOM0765,35.68,1.28,1218,58.23,4.97,139,Running
LOOM0766,35.84,1.16,1192,61.4,5.13,315,Running
LOOM0767,33.72,0.55,1218,60.04,4.9,364,Running
LOOM0768,33.02,0.55,1195,60.62,5.18,94,Running
LOOM0769,37.98,1.67,1202,60.68,4.61,152,Running
LOOM0770,35.11,1.61,1184,61.68,4.75,421,Running
LOOM0771,36.98,1.87,1202,59.39,5.02,165,Running
LOOM0772,35.64,0.79,1205,60.3,4.46,258,Running
LOOM0773,35.04,1.34,1212,59.18,5.15,461,Running
LOOM0774,35.08,0.89,1214,61.25,4.77,405,Running
LOOM0775,34.66,1.07,1210,61.08,4.96,447,Running
LOOM0776,34.75,1.19,1217,61.45,4.68,182,Running
LOOM0777,32.41,1.45,1194,60.71,4.43,211,Running
LOOM0778,34.47,1.03,1214,58.04,5.03,177,Running
LOOM0779,33.72,1.1,1201,58.3,5.13,293,Running
LOOM0780,33.88,0.83,1216,59.08,5.15,399,Running
LOOM0781,37.58,0.79,1192,58.94,4.44,185,Running
LOOM0782,33.24,0.8,1195,61.35,4.56,448,Running
LOOM0783,32.64,1.88,1211,60.46,4.96,327,Running
LOOM0784,37.75,1.77,1203,60.48,4.69,344,Running
LOOM0785,37.21,1.24,1212,59.12,4.42,345,Running
LOOM0786,32.77,1.29,1207,59.91,4.74,307,Running
LOOM0787,34.08,1.79,1191,59.83,4.32,315,Running
LOOM0788,34.76,1.53,1180,60.7,4.58,101,Running
LOOM0789,33.95,1.42,1196,58.75,4.46,187,Running
LOOM0790,34.83,1.42,1203,58.74,4.62,264,Running
LOOM0791,36.2,1.06,1205,59.12,4.38,117,Running
LOOM0792,37.88,1.53,1186,60.88,5.0,334,Running
LOOM0793,34.59,1.07,1189,61.2,4.94,292,Running
LOOM0794,36.83,0.76,1211,58.54,5.09,372,Running
LOOM0795,35.1,1.58,1211,59.2,4.76,340,Running
LOOM0796,32.29,0.65,1190,58.24,5.01,293,Running
LOOM0797,37.03,0.64,1201,59.04,4.56,335,Running
LOOM0798,37.59,0.89,1181,59.65,4.55,397,Running
LOOM0799,37.78,0.8,1216,60.6,4.74,449,Running
LOOM0800,33.71,0.99,1212,59.95,4.94,90,Running
LOOM0801,34.29,0.93,1220,61.83,5.07,377,Running
LOOM0802,36.85,1.01,1220,60.45,4.6,86,Running
LOOM0803,32.47,1.02,1200,59.27,4.49,186,Running
LOOM0804,35.63,1.09,1208,61.12,5.14,432,Running
LOOM0805,35.52,1.95,1206,58.67,5.05,114,Running
LOOM0806,36.37,1.49,1185,58.84,4.6,98,Running
LOOM0807,32.38,1.82,1215,58.22,4.97,318,Running
LOOM0808,36.59,0.62,1196,60.47,4.28,249,Running
LOOM0809,33.86,0.87,1198,59.77,4.33,319,Running
LOOM0810,37.03,0.54,1202,61.44,4.53,293,Running
LOOM0811,34.8,1.81,1197,60.19,4.34,407,Running
LOOM0812,35.24,1.39,1209,60.52,4.84,338,Running
LOOM0813,34.61,1.46,1214,59.24,4.55,326,Running
LOOM0814,33.36,0.63,1199,59.46,4.46,205,Running
LOOM0815,32.06,1.28,1188,59.38,4.67,54,Running
LOOM0816,36.13,1.24,1210,59.2,4.97,458,Running
LOOM0817,33.76,0.85,1180,60.19,4.39,337,Running
LOOM0818,34.62,0.87,1204,61.31,4.42,90,Running
LOOM0819,34.53,0.86,1219,61.23,4.88,195,Running
LOOM0820,35.89,1.3,1197,59.65,5.05,143,Running
LOOM0821,32.82,0.67,1209,60.47,4.47,368,Running
LOOM0822,34.95,0.98,1189,58.2,4.73,145,Running
LOOM0823,37.83,0.92,1188,60.86,4.93,169,Running
LOOM0824,32.54,0.52,1193,59.37,4.51,459,Running
LOOM0825,34.99,1.06,1182,59.32,5.04,124,Running
LOOM0826,32.34,1.66,1184,60.17,4.38,480,Running
LOOM0827,33.5,1.07,1180,58.49,4.97,177,Running
LOOM0828,34.31,1.96,1195,60.95,4.23,285,Running
LOOM0829,36.41,0.64,1193,59.89,4.88,209,Running
LOOM0830,37.62,0.74,1182,60.98,4.75,112,Running
LOOM0831,33.52,1.46,1192,59.44,4.25,391,Running
LOOM0832,33.31,0.67,1220,59.74,4.22,456,Running
LOOM0833,33.66,0.68,1195,58.04,4.24,451,Running
LOOM0834,36.14,1.53,1189,59.49,4.29,130,Running
LOOM0835,35.0,1.53,1201,61.72,5.2,370,Running
LOOM0836,32.36,1.03,1189,60.81,4.99,114,Running
LOOM0837,34.93,0.98,1215,61.15,4.96,462,Running
LOOM0838,37.35,1.6,1181,60.76,4.56,118,Running
LOOM0839,33.5,0.56,1208,60.24,4.74,300,Running
LOOM0840,33.14,0.78,1202,59.29,4.67,494,Running
LOOM0841,36.99,1.87,1215,58.64,4.73,280,Running
LOOM0842,33.77,0.9,1203,59.82,4.98,309,Running
LOOM0843,34.27,0.78,1181,60.48,4.56,367,Running
LOOM0844,33.43,1.58,1214,61.28,4.39,399,Running
LOOM0845,34.99,1.33,1219,59.13,4.61,214,Running
LOOM0846,32.66,1.28,1184,58.18,5.14,141,Running
LOOM0847,37.24,0.8,1211,58.77,4.23,378,Running
LOOM0848,37.02,1.49,1213,60.5,4.79,75,Running
LOOM0849,34.2,1.41,1184,58.05,5.12,385,Running
LOOM0850,34.95,1.83,1185,59.87,4.84,234,Running
LOOM0851,35.35,1.91,1206,61.29,4.99,79,Running
LOOM0852,36.94,0.9,1182,60.94,5.03,89,Running
LOOM0853,37.67,1.94,1186,58.4,4.43,247,Running
LOOM0854,33.14,1.29,1195,60.28,5.15,335,Running
LOOM0855,36.5,1.12,1186,61.07,4.78,395,Running
LOOM0856,34.75,1.5,1186,58.67,4.38,255,Running
LOOM0857,35.03,1.49,1214,61.99,4.64,230,Running
LOOM0858,37.41,1.33,1200,61.38,4.61,374,Running
LOOM0859,34.58,1.59,1218,58.96,4.75,242,Running
LOOM0860,36.59,1.89,1196,59.44,4.65,253,Running
LOOM0861,32.0,0.55,1198,60.38,4.72,204,Running
LOOM0862,32.04,1.98,1193,61.42,4.22,470,Running
LOOM0863,37.66,1.73,1215,60.05,4.77,342,Running
LOOM0864,32.93,0.56,1202,58.62,4.46,348,Running
LOOM0865,33.5,0.88,1199,58.37,4.6,161,Running
LOOM0866,36.41,1.59,1210,58.69,5.03,403,Running
LOOM0867,36.22,1.73,1186,60.38,4.5,424,Running
LOOM0868,36.85,1.07,1183,61.69,4.53,500,Running
LOOM0869,36.9,1.12,1187,61.48,4.43,384,Running
LOOM0870,37.1,1.89,1220,61.11,4.58,206,Running
LOOM0871,35.15,0.98,1216,58.6,4.7,163,Running
LOOM0872,32.92,1.51,1205,61.88,4.95,344,Running
LOOM0873,35.03,0.83,1198,61.15,4.35,222,Running
LOOM0874,32.5,1.36,1183,60.19,4.46,254,Running
LOOM0875,35.01,1.66,1188,61.05,4.68,151,Running
LOOM0876,34.93,1.48,1192,60.24,5.2,318,Running
LOOM0877,33.48,0.61,1207,59.29,5.12,95,Running
LOOM0878,32.68,1.12,1203,59.39,4.52,354,Running
LOOM0879,35.93,1.65,1190,61.95,4.82,461,Running
LOOM0880,34.65,0.72,1182,61.7,4.43,400,Running
LOOM0881,34.24,1.64,1185,58.45,4.25,367,Running
LOOM0882,37.56,1.8,1198,58.05,4.89,106,Running
LOOM0883,33.83,1.21,1201,58.84,4.74,154,Running
LOOM0884,35.28,1.63,1215,59.93,4.93,122,Running
LOOM0885,36.17,1.5,1204,60.33,4.86,72,Running
LOOM0886,33.53,0.59,1192,61.16,4.82,77,Running
LOOM0887,34.79,1.92,1184,59.55,4.47,486,Running
LOOM0888,37.48,1.04,1186,58.08,5.07,382,Running
LOOM0889,34.32,1.97,1212,61.91,4.3,211,Running
LOOM0890,34.91,1.4,1185,58.75,4.7,284,Running
LOOM0891,35.36,1.57,1182,58.99,4.73,220,Running
LOOM0892,34.94,1.62,1181,59.39,4.55,370,Running
LOOM0893,33.81,1.99,1212,59.1,4.26,181,Running
LOOM0894,37.27,1.84,1181,61.78,5.15,165,Running
LOOM0895,32.91,1.85,1188,58.35,4.58,397,Running
LOOM0896,35.67,1.44,1194,59.67,4.77,268,Running
LOOM0897,37.82,1.86,1201,59.8,4.33,384,Running
LOOM0898,32.83,1.31,1192,61.45,4.51,411,Running
LOOM0899,37.39,1.86,1207,61.98,5.18,124,Running
LOOM0900,35.94,1.35,1190,59.27,4.76,418,Running
LOOM0901,32.71,0.98,1189,60.91,4.97,500,Running
LOOM0902,37.84,1.94,1199,59.77,5.13,376,Running
LOOM0903,37.6,0.91,1192,58.43,4.38,440,Running
LOOM0904,37.92,1.43,1218,60.27,4.43,168,Running
LOOM0905,33.39,0.54,1185,60.75,4.68,307,Running
LOOM0906,37.08,1.2,1203,58.74,4.59,292,Running
LOOM0907,32.83,0.79,1182,59.63,5.17,188,Running
LOOM0908,37.7,0.83,1192,61.03,4.27,274,Running
LOOM0909,37.2,1.23,1200,61.47,5.09,268,Running
LOOM0910,34.43,0.56,1204,60.88,4.59,430,Running
LOOM0911,35.43,1.3,1182,60.08,4.65,473,Running
LOOM0912,37.27,1.82,1195,60.07,4.6,426,Running
LOOM0913,32.24,1.08,1220,61.85,4.39,275,Running
LOOM0914,34.39,0.96,1198,59.85,4.62,363,Running
LOOM0915,37.51,1.53,1189,59.85,4.85,96,Running
LOOM0916,36.34,0.67,1217,61.75,4.9,119,Running
LOOM0917,34.36,0.99,1181,58.72,4.79,414,Running
LOOM0918,37.37,1.82,1185,59.0,4.89,414,Running
LOOM0919,36.78,1.58,1187,58.36,4.91,374,Running
LOOM0920,34.18,1.29,1204,60.91,5.18,363,Running
LOOM0921,37.7,1.07,1204,58.18,4.37,221,Running
LOOM0922,35.39,1.49,1189,58.65,4.34,443,Running
LOOM0923,36.27,1.13,1199,60.92,5.16,197,Running
LOOM0924,35.76,0.68,1188,61.84,4.2,441,Running
LOOM0925,33.52,1.19,1211,60.17,4.21,302,Running
LOOM0926,33.43,1.38,1210,59.81,4.64,357,Running
LOOM0927,35.6,0.87,1215,59.11,4.83,469,Running
LOOM0928,36.95,0.57,1189,58.22,4.55,124,Running
LOOM0929,37.12,1.5,1218,59.19,5.12,75,Running
LOOM0930,32.65,1.99,1190,60.69,4.81,404,Running
LOOM0931,36.2,1.36,1215,58.71,4.66,346,Running
LOOM0932,34.16,0.55,1199,59.29,5.1,469,Running
LOOM0933,32.41,1.14,1215,58.26,4.67,112,Running
LOOM0934,36.17,0.91,1213,59.66,4.41,157,Running
LOOM0935,35.67,0.66,1220,60.12,4.29,420,Running
LOOM0936,36.13,1.9,1198,59.71,5.05,182,Running
LOOM0937,35.15,1.99,1202,61.71,4.81,304,Running
LOOM0938,35.12,1.45,1211,61.23,5.08,169,Running
LOOM0939,36.25,1.97,1180,58.47,4.66,457,Running
LOOM0940,32.71,1.77,1219,62.0,4.61,220,Running
LOOM0941,34.1,1.71,1193,58.05,4.4,194,Running
LOOM0942,33.53,0.6,1199,60.03,4.52,53,Running
LOOM0943,32.68,1.0,1205,60.9,4.82,64,Running
LOOM0944,36.99,0.79,1201,61.69,4.68,292,Running
LOOM0945,36.78,1.47,1210,58.62,4.66,492,Running
LOOM0946,35.22,1.0,1206,61.71,4.26,316,Running
LOOM0947,33.8,1.59,1200,60.22,4.22,345,Running
LOOM0948,36.11,1.7,1202,58.26,4.35,480,Running
LOOM0949,32.19,1.98,1220,60.14,4.37,360,Running
LOOM0950,34.34,1.39,1199,60.82,4.51,66,Running
LOOM0951,33.63,0.63,1195,59.49,5.03,204,Running
LOOM0952,33.3,0.95,1187,59.5,4.24,153,Running
LOOM0953,37.48,1.17,1181,61.2,5.1,128,Running
LOOM0954,33.14,1.89,1213,59.24,4.53,443,Running
LOOM0955,37.23,1.73,1213,60.71,4.33,420,Running
LOOM0956,32.22,1.08,1213,58.46,4.51,72,Running
LOOM0957,36.12,1.39,1185,59.33,5.09,102,Running
LOOM0958,35.12,1.49,1199,58.09,4.96,377,Running
LOOM0959,37.35,0.98,1192,59.15,4.73,445,Running
LOOM0960,34.65,0.68,1189,58.63,4.31,368,Running
LOOM0961,35.36,0.65,1214,59.4,4.52,122,Running
LOOM0962,37.66,1.71,1216,58.98,4.27,363,Running
LOOM0963,37.35,1.31,1183,58.52,4.67,395,Running
LOOM0964,32.3,1.08,1185,59.71,4.38,355,Running
LOOM0965,37.35,1.44,1208,60.47,4.51,468,Running
LOOM0966,33.19,1.64,1214,58.31,5.12,441,Running
LOOM0967,34.79,0.7,1209,58.39,4.51,379,Running
LOOM0968,36.26,1.2,1194,61.79,4.34,365,Running
LOOM0969,33.55,1.05,1191,60.8,4.87,453,Running
LOOM0970,37.16,0.99,1211,58.12,4.68,229,Running
LOOM0971,34.87,1.77,1198,61.07,4.8,115,Running
LOOM0972,35.05,1.11,1186,59.3,4.85,455,Running
LOOM0973,33.81,1.19,1217,59.65,4.82,330,Running
LOOM0974,32.95,1.22,1184,59.36,5.01,352,Running
LOOM0975,34.59,1.97,1216,61.15,4.74,170,Running
LOOM0976,33.04,1.5,1216,61.35,4.31,355,Running
LOOM0977,34.78,1.33,1208,58.7,5.16,85,Running
LOOM0978,35.59,1.53,1218,61.09,4.58,303,Running
LOOM0979,35.87,0.59,1193,61.27,5.09,436,Running
LOOM0980,35.82,0.5,1189,60.64,4.65,199,Running
LOOM0981,34.34,1.37,1192,58.82,5.08,203,Running
LOOM0982,35.42,1.87,1199,61.67,5.14,417,Running
LOOM0983,37.9,1.02,1185,60.33,4.81,311,Running
LOOM0984,34.43,0.69,1198,58.25,5.1,77,Running
LOOM0985,32.01,1.34,1202,58.44,4.48,65,Running
LOOM0986,33.41,1.55,1205,60.5,4.91,257,Running
LOOM0987,34.29,1.32,1191,59.9,4.39,246,Running
LOOM0988,37.06,1.04,1206,58.62,5.2,393,Running
LOOM0989,32.75,0.52,1181,58.58,5.08,386,Running
LOOM0990,34.62,1.99,1185,58.55,5.01,490,Running
LOOM0991,34.74,1.68,1218,61.72,4.82,282,Running
LOOM0992,35.06,1.33,1208,59.54,4.43,267,Running
LOOM0993,35.63,1.37,1195,60.85,4.47,329,Running
LOOM0994,35.46,0.55,1182,60.27,4.9,107,Running
LOOM0995,35.48,1.94,1185,58.57,4.93,489,Running
LOOM0996,37.9,1.67,1209,60.07,4.72,362,Running
LOOM0997,32.53,1.21,1184,60.74,4.74,346,Running
LOOM0998,33.87,0.58,1201,60.14,4.21,282,Running
LOOM0999,35.08,1.2,1201,59.68,5.16,458,Running
LOOM1000,33.77,0.75,1218,61.0,4.93,338,Running
LOOM1001,33.56,1.44,1217,58.68,4.25,199,Running
LOOM1002,36.85,1.44,1198,59.94,4.33,89,Running
LOOM1003,37.11,0.92,1188,60.46,4.48,181,Running
LOOM1004,32.09,0.67,1191,61.64,4.94,387,Running
LOOM1005,34.68,1.71,1196,61.13,4.44,142,Running
LOOM1006,36.8,1.79,1201,61.94,5.17,354,Running
LOOM1007,37.6,0.73,1211,61.01,4.61,246,Running
LOOM1008,33.43,1.16,1220,58.67,4.78,481,Running
LOOM1009,34.07,1.46,1187,58.21,4.66,293,Running
LOOM1010,33.81,1.62,1214,58.93,4.88,249,Running
LOOM1011,34.85,0.72,1207,58.05,5.13,279,Running
LOOM1012,34.29,0.97,1213,60.73,4.24,322,Running
LOOM1013,35.82,1.93,1207,60.44,4.85,189,Running
LOOM1014,34.01,0.9,1186,59.02,4.78,286,Running
LOOM1015,36.64,1.62,1217,61.08,4.72,396,Running
LOOM1016,36.14,0.77,1215,58.04,4.21,84,Running
LOOM1017,32.07,0.65,1186,60.74,4.55,421,Running
LOOM1018,33.7,0.79,1181,60.48,4.26,354,Running
LOOM1019,35.94,1.75,1218,60.55,4.91,111,Running
LOOM1020,32.52,1.41,1204,60.63,5.1,339,Running
LOOM1021,36.82,0.78,1187,60.78,4.45,289,Running
LOOM1022,35.96,0.61,1209,61.69,4.48,268,Running
LOOM1023,36.15,1.5,1200,59.03,4.98,191,Running
LOOM1024,36.66,1.07,1201,61.98,4.46,466,Running
LOOM1025,33.59,1.16,1211,61.92,4.4,251,Running
LOOM1026,33.07,1.24,1189,60.16,4.63,364,Running
LOOM1027,35.86,1.87,1196,58.41,4.27,342,Running
LOOM1028,36.37,1.67,1181,61.59,4.35,377,Running
LOOM1029,32.01,0.56,1204,59.07,4.9,250,Running
LOOM1030,35.45,1.27,1211,59.91,4.6,422,Running
LOOM1031,36.69,1.68,1214,58.9,4.58,402,Running
LOOM1032,36.91,1.22,1216,60.14,5.19,220,Running
LOOM1033,36.09,1.1,1220,61.99,4.85,237,Running
LOOM1034,35.21,1.94,1185,61.36,4.96,198,Running
LOOM1035,35.89,0.76,1182,61.87,4.86,203,Running
LOOM1036,36.18,1.84,1220,60.76,4.69,373,Running
LOOM1037,34.63,0.78,1182,58.77,4.92,353,Running
LOOM1038,33.43,1.08,1214,60.57,4.7,477,Running
LOOM1039,36.87,1.95,1181,58.15,4.26,453,Running
LOOM1040,36.33,1.11,1193,61.23,4.87,284,Running
LOOM1041,37.64,1.81,1214,58.6,4.78,86,Running
LOOM1042,32.22,0.71,1181,59.88,5.12,73,Running
LOOM1043,33.46,1.47,1180,58.69,4.25,207,Running
LOOM1044,36.92,0.65,1219,58.68,4.79,468,Running
LOOM1045,36.9,0.67,1218,61.2,4.42,461,Running
LOOM1046,33.22,1.01,1205,59.3,5.18,344,Running
LOOM1047,35.28,0.98,1193,61.06,4.79,221,Running
LOOM1048,32.38,0.91,1206,58.67,4.57,134,Running
LOOM1049,34.63,1.89,1182,58.53,4.99,373,Running
LOOM1050,35.67,1.67,1181,61.52,4.28,53,Running
LOOM1051,33.08,0.63,1217,61.55,4.62,463,Running
LOOM1052,36.75,1.21,1188,58.82,4.84,317,Running
LOOM1053,34.7,0.86,1191,60.44,4.24,142,Running
LOOM1054,36.3,1.42,1185,60.51,4.98,228,Running
LOOM1055,34.51,1.34,1192,58.47,4.73,98,Running
LOOM1056,35.71,1.79,1214,60.03,4.66,370,Running
LOOM1057,35.96,0.91,1192,58.45,4.35,482,Running
LOOM1058,37.81,1.21,1191,58.64,5.12,77,Running
LOOM1059,35.87,0.93,1207,59.01,4.82,438,Running
LOOM1060,34.72,0.66,1183,61.7,4.38,452,Running
LOOM1061,32.17,1.27,1184,61.58,4.92,353,Running
LOOM1062,35.48,1.13,1200,58.92,4.31,166,Running
LOOM1063,32.59,1.61,1192,59.5,4.42,291,Running
LOOM1064,35.51,0.58,1207,58.58,5.13,282,Running
LOOM1065,33.07,1.06,1209,60.88,4.83,188,Running
LOOM1066,33.21,0.69,1216,58.24,4.34,486,Running
LOOM1067,34.79,1.13,1201,58.88,4.5,130,Running
LOOM1068,36.74,1.46,1219,61.62,4.78,333,Running
LOOM1069,37.13,0.63,1213,59.96,5.2,352,Running
LOOM1070,34.84,1.19,1180,60.92,4.94,176,Running
LOOM1071,33.49,1.15,1194,61.57,4.79,126,Running
LOOM1072,37.48,1.85,1206,61.92,4.24,290,Running
LOOM1073,36.4,1.26,1207,60.12,4.68,458,Running
LOOM1074,36.18,0.65,1211,58.96,4.76,56,Running
LOOM1075,36.16,1.11,1193,58.53,4.5,381,Running
LOOM1076,37.99,0.52,1199,58.65,4.66,342,Running
LOOM1077,36.48,0.54,1209,59.86,4.34,410,Running
LOOM1078,34.43,1.68,1203,60.51,4.9,50,Running
LOOM1079,37.16,0.61,1201,60.12,4.5,435,Running
LOOM1080,33.62,1.92,1214,60.3,4.41,400,Running
LOOM1081,32.49,1.82,1183,60.06,5.11,236,Running
LOOM1082,37.33,0.67,1203,59.86,4.24,237,Running
LOOM1083,33.05,1.34,1184,60.24,4.97,120,Running
LOOM1084,37.89,0.86,1187,60.6,4.94,435,Running
LOOM1085,35.48,1.94,1193,61.01,4.96,214,Running
LOOM1086,34.12,0.9,1207,59.11,4.26,226,Running
LOOM1087,34.71,1.25,1187,59.88,4.73,472,Running
LOOM1088,35.2,0.94,1219,59.47,4.87,404,Running
LOOM1089,36.85,1.91,1184,58.75,5.08,94,Running
LOOM1090,32.48,1.85,1198,61.83,4.28,134,Running
LOOM1091,33.66,1.55,1211,58.6,4.4,371,Running
LOOM1092,32.14,1.12,1214,61.73,4.67,265,Running
LOOM1093,34.66,1.47,1198,58.76,4.22,460,Running
LOOM1094,33.39,1.92,1201,59.65,4.54,380,Running
LOOM1095,36.72,1.23,1213,61.37,4.65,205,Running
LOOM1096,35.4,1.85,1199,58.69,4.46,297,Running
LOOM1097,34.23,0.93,1183,58.59,4.48,135,Running
LOOM1098,35.71,0.74,1214,59.14,5.17,479,Running
LOOM1099,36.25,1.86,1189,58.65,4.32,212,Running
LOOM1100,35.45,1.16,1203,58.74,4.76,67,Running
LOOM1101,35.99,1.97,1189,59.49,4.74,133,Running
LOOM1102,35.2,0.68,1181,59.62,4.7,124,Running
LOOM1103,37.69,1.89,1189,58.02,4.94,309,Running
LOOM1104,33.99,1.56,1210,61.58,5.17,436,Running
LOOM1105,37.88,1.36,1189,61.2,4.93,276,Running
LOOM1106,34.03,0.67,1210,61.6,4.34,332,Running
LOOM1107,32.7,0.54,1219,61.36,4.65,97,Running
LOOM1108,33.96,1.41,1192,60.33,4.42,442,Running
LOOM1109,33.67,0.53,1214,61.4,4.88,94,Running
LOOM1110,37.86,1.09,1211,59.27,4.81,78,Running
LOOM1111,37.45,1.04,1189,60.86,4.63,247,Running
LOOM1112,34.24,0.93,1202,59.23,4.65,337,Running
LOOM1113,32.53,1.59,1208,60.97,4.62,276,Running
LOOM1114,33.73,1.71,1207,60.91,4.61,477,Running
LOOM1115,35.52,0.63,1193,59.21,5.19,318,Running
LOOM1116,37.92,0.6,1217,61.02,4.29,259,Running
LOOM1117,35.83,0.91,1191,60.22,4.91,436,Running
LOOM1118,37.49,0.8,1204,59.16,4.69,471,Running
LOOM1119,36.96,1.75,1199,59.98,4.94,164,Running
LOOM1120,32.16,0.5,1196,59.2,4.84,375,Running
LOOM1121,34.84,1.48,1198,59.67,4.69,402,Running
LOOM1122,35.87,0.54,1197,59.97,5.17,356,Running
LOOM1123,36.47,1.37,1216,59.74,4.46,401,Running
LOOM1124,34.86,1.54,1187,59.49,4.93,58,Running
LOOM1125,37.07,0.74,1183,58.58,4.66,404,Running
LOOM1126,32.81,0.74,1197,59.44,4.84,232,Running
LOOM1127,32.29,0.94,1220,61.75,4.71,442,Running
LOOM1128,35.77,1.65,1218,61.01,4.74,496,Running
LOOM1129,33.9,1.77,1199,59.09,4.9,235,Running
LOOM1130,32.58,1.37,1189,58.05,4.72,240,Running
LOOM1131,36.67,1.12,1190,58.41,4.35,163,Running
LOOM1132,36.99,1.69,1215,60.45,5.03,319,Running
LOOM1133,37.08,1.57,1187,59.67,5.12,109,Running
LOOM1134,36.91,1.89,1210,59.39,4.89,121,Running
LOOM1135,36.9,1.83,1218,60.09,5.17,138,Running
LOOM1136,36.26,0.54,1187,58.89,5.06,122,Running
LOOM1137,36.13,0.96,1193,58.52,4.28,403,Running
LOOM1138,36.58,0.67,1181,61.1,4.96,71,Running
LOOM1139,33.18,0.55,1212,60.37,4.67,179,Running
LOOM1140,32.26,0.95,1180,61.02,4.98,358,Running
LOOM1141,33.23,1.85,1191,60.68,4.23,124,Running
LOOM1142,37.08,1.91,1217,59.39,4.36,306,Running
LOOM1143,36.68,1.42,1212,60.28,4.3,346,Running
LOOM1144,36.58,1.29,1192,61.86,4.37,436,Running
LOOM1145,35.22,1.96,1186,61.7,5.12,485,Running
LOOM1146,36.25,1.05,1217,58.74,4.87,104,Running
LOOM1147,33.09,1.03,1204,59.7,4.71,258,Running
LOOM1148,32.68,1.98,1187,59.86,4.72,303,Running
LOOM1149,36.57,1.56,1215,60.89,4.28,302,Running
LOOM1150,32.69,0.93,1218,60.94,4.89,480,Running
LOOM1151,34.66,1.33,1198,61.94,4.63,488,Running
LOOM1152,32.42,1.76,1210,61.76,4.57,56,Running
LOOM1153,37.99,1.24,1186,59.59,4.72,396,Running
LOOM1154,32.51,0.72,1205,60.78,5.18,429,Running
LOOM1155,37.55,1.97,1184,59.45,4.4,152,Running
LOOM1156,35.57,1.99,1187,58.93,4.62,305,Running
LOOM1157,33.67,1.57,1217,60.37,4.96,460,Running
LOOM1158,35.86,1.1,1210,60.67,5.15,298,Running
LOOM1159,35.07,0.72,1209,58.43,4.45,304,Running
LOOM1160,33.38,1.91,1181,58.4,4.25,84,Running
LOOM1161,34.99,0.54,1191,59.53,4.88,128,Running
LOOM1162,33.82,1.43,1184,60.64,4.72,302,Running
LOOM1163,36.76,0.8,1211,59.96,4.46,225,Running
LOOM1164,36.86,1.31,1181,61.81,4.23,270,Running
LOOM1165,37.28,0.68,1208,59.26,4.58,285,Running
LOOM1166,32.22,0.77,1199,61.54,4.36,270,Running
LOOM1167,32.81,1.57,1211,61.06,4.77,301,Running
LOOM1168,35.96,1.53,1216,59.88,4.76,130,Running
LOOM1169,35.04,1.09,1211,60.36,4.58,396,Running
LOOM1170,34.12,1.97,1200,58.25,4.79,115,Running
LOOM1171,37.02,1.02,1217,58.11,5.09,224,Running
LOOM1172,34.28,1.14,1202,59.65,4.26,175,Running
LOOM1173,33.49,1.47,1217,58.34,4.89,494,Running
LOOM1174,33.83,1.01,1181,60.15,4.24,386,Running
LOOM1175,37.18,1.35,1206,59.07,4.9,351,Running
LOOM1176,32.13,0.97,1216,59.56,4.77,463,Running
LOOM1177,34.93,1.54,1193,59.34,4.7,441,Running
LOOM1178,36.0,0.75,1199,59.45,4.64,304,Running
LOOM1179,35.81,1.96,1184,61.36,4.74,197,Running
LOOM1180,33.59,0.95,1216,59.61,4.43,430,Running
LOOM1181,37.75,1.58,1217,58.38,4.54,84,Running
LOOM1182,35.4,1.3,1207,58.84,5.0,383,Running
LOOM1183,36.94,1.26,1199,59.73,4.74,152,Running
LOOM1184,34.49,0.88,1212,59.81,4.96,142,Running
LOOM1185,37.29,1.44,1213,61.45,4.78,159,Running
LOOM1186,35.96,1.74,1209,59.07,4.84,464,Running
LOOM1187,35.69,1.65,1207,61.74,4.93,80,Running
LOOM1188,35.13,1.05,1189,58.96,4.95,441,Running
LOOM1189,33.8,1.15,1200,61.44,5.11,374,Running
LOOM1190,33.22,1.12,1198,60.58,4.46,357,Running
LOOM1191,33.42,0.86,1189,58.77,4.45,473,Running
LOOM1192,33.86,1.23,1207,59.69,5.11,153,Running
LOOM1193,32.96,0.7,1196,61.16,4.48,331,Running
LOOM1194,33.06,1.78,1211,61.13,4.26,92,Running
LOOM1195,33.88,0.95,1184,61.6,4.61,236,Running
LOOM1196,36.03,1.83,1205,61.77,4.92,121,Running
LOOM1197,33.42,1.36,1212,61.73,4.72,474,Running
LOOM1198,35.48,1.66,1213,59.01,5.08,171,Running
LOOM1199,35.6,1.66,1200,59.32,4.78,249,Running
LOOM1200,36.84,1.62,1207,58.87,4.31,159,Running
LOOM1201,37.82,1.16,1196,61.45,4.26,323,Running
LOOM1202,34.25,1.92,1200,60.18,4.67,176,Running
LOOM1203,37.78,1.82,1189,59.45,4.92,470,Running
LOOM1204,33.85,1.47,1218,58.14,4.94,459,Running
LOOM1205,37.65,1.54,1195,59.01,4.58,377,Running
LOOM1206,37.75,1.04,1187,60.14,4.44,276,Running
LOOM1207,34.33,1.86,1205,61.71,5.12,204,Running
LOOM1208,32.54,1.73,1195,59.19,5.06,132,Running
LOOM1209,37.5,1.45,1206,61.16,4.47,91,Running
LOOM1210,36.94,1.91,1210,60.95,5.13,220,Running
LOOM1211,36.3,1.82,1186,61.3,4.9,309,Running
LOOM1212,32.4,1.13,1215,60.95,4.65,64,Running
LOOM1213,36.57,1.46,1191,60.52,4.99,119,Running
LOOM1214,32.02,0.8,1199,59.25,4.28,130,Running
LOOM1215,33.5,1.57,1188,61.39,4.89,455,Running
LOOM1216,37.64,1.18,1188,59.04,4.89,473,Running
LOOM1217,33.97,0.92,1185,59.66,4.38,498,Running
LOOM1218,34.26,1.75,1216,58.9,5.15,335,Running
LOOM1219,35.88,1.44,1185,61.9,4.4,409,Running
LOOM1220,37.11,0.57,1219,59.72,4.46,95,Running
LOOM1221,37.75,0.76,1216,58.47,4.92,272,Running
LOOM1222,36.64,1.89,1211,58.47,4.91,147,Running
LOOM1223,37.68,1.72,1197,59.15,4.69,116,Running
LOOM1224,34.59,0.81,1193,61.98,4.48,396,Running
LOOM1225,33.14,0.77,1189,58.12,5.18,170,Running
LOOM1226,35.71,1.86,1203,60.33,4.85,93,Running
LOOM1227,32.06,0.7,1200,61.9,4.6,158,Running
LOOM1228,36.28,1.56,1218,59.02,4.3,80,Running
LOOM1229,32.31,1.9,1210,61.63,5.2,393,Running
LOOM1230,37.8,1.4,1182,58.02,4.7,245,Running
LOOM1231,33.82,1.09,1203,58.53,5.09,71,Running
LOOM1232,35.48,0.89,1212,59.97,4.54,289,Running
LOOM1233,32.79,0.98,1213,59.73,4.46,210,Running
LOOM1234,32.26,0.69,1197,60.99,5.13,194,Running
LOOM1235,37.42,0.89,1196,60.07,4.64,134,Running
LOOM1236,33.89,1.99,1189,60.22,5.12,375,Running
LOOM1237,36.79,0.58,1189,58.22,4.38,290,Running
LOOM1238,33.56,1.56,1207,58.46,5.1,303,Running
LOOM1239,32.24,1.03,1215,59.94,4.69,483,Running
LOOM1240,36.32,0.72,1202,58.37,5.07,142,Running
LOOM1241,37.01,1.62,1197,60.25,4.86,158,Running
LOOM1242,35.5,1.96,1213,61.07,4.38,89,Running
LOOM1243,33.48,1.25,1186,61.55,4.23,398,Running
LOOM1244,37.89,0.68,1203,60.36,5.15,478,Running
LOOM1245,33.94,0.54,1209,61.32,4.86,282,Running
LOOM1246,35.77,0.9,1180,59.32,4.24,368,Running
LOOM1247,37.71,0.99,1216,58.52,5.06,460,Running
LOOM1248,35.86,0.98,1183,60.98,4.75,358,Running
LOOM1249,34.29,1.1,1191,58.96,4.97,254,Running
LOOM1250,32.54,1.78,1190,59.55,4.6,381,Running
LOOM1251,36.52,1.48,1187,59.19,5.0,426,Running
LOOM1252,36.84,0.97,1218,58.53,4.87,476,Running
LOOM1253,34.2,0.8,1208,61.54,4.68,338,Running
LOOM1254,35.6,0.64,1207,61.24,4.81,272,Running
LOOM1255,35.78,0.64,1212,59.37,4.66,164,Running
LOOM1256,35.89,1.57,1211,60.11,4.85,92,Running
LOOM1257,33.74,1.16,1210,59.2,5.18,400,Running
LOOM1258,37.42,1.76,1213,59.71,4.77,332,Running
LOOM1259,32.46,0.57,1186,60.04,4.61,287,Running
LOOM1260,35.97,1.35,1196,59.42,4.79,443,Running
LOOM1261,35.02,0.67,1209,58.72,4.38,251,Running
LOOM1262,32.27,1.12,1199,59.26,4.92,437,Running
LOOM1263,36.02,1.44,1196,59.37,5.12,464,Running
LOOM1264,33.12,0.78,1218,59.04,4.87,272,Running
LOOM1265,35.21,0.51,1187,58.05,4.86,285,Running
LOOM1266,36.15,1.8,1218,60.9,4.5,466,Running
LOOM1267,37.84,1.04,1205,61.22,4.29,119,Running
LOOM1268,32.08,0.67,1181,60.78,4.39,63,Running
LOOM1269,33.26,1.47,1195,59.74,4.83,454,Running
LOOM1270,35.23,0.63,1209,58.59,4.62,109,Running
LOOM1271,33.0,0.73,1208,61.86,4.67,490,Running
LOOM1272,34.7,0.86,1198,60.28,5.03,76,Running
LOOM1273,34.0,0.65,1207,61.92,5.05,427,Running
LOOM1274,35.47,1.6,1198,58.15,4.6,312,Running
LOOM1275,35.55,1.42,1211,58.93,4.26,59,Running
LOOM1276,34.53,0.97,1184,59.07,4.85,292,Running
LOOM1277,32.7,1.43,1202,59.79,4.64,132,Running
LOOM1278,33.73,0.79,1202,59.75,4.71,350,Running
LOOM1279,37.45,1.01,1218,61.41,4.92,289,Running
LOOM1280,32.79,0.94,1204,61.84,5.03,394,Running
LOOM1281,35.92,1.04,1210,61.2,5.04,368,Running
LOOM1282,33.24,1.54,1185,60.67,4.33,152,Running
LOOM1283,32.94,1.24,1206,61.77,4.69,170,Running
LOOM1284,33.26,0.57,1181,59.44,4.46,396,Running
LOOM1285,32.95,1.74,1212,58.13,4.26,270,Running
LOOM1286,32.68,0.84,1215,58.9,4.46,224,Running
LOOM1287,36.71,1.65,1215,59.07,4.35,403,Running
LOOM1288,37.24,1.41,1186,60.83,5.13,274,Running
LOOM1289,36.79,1.94,1187,61.9,4.98,362,Running
LOOM1290,36.69,1.92,1215,58.17,4.31,372,Running
LOOM1291,32.71,0.81,1203,58.63,4.49,276,Running
LOOM1292,36.57,1.25,1186,58.62,4.56,469,Running
LOOM1293,32.83,1.77,1208,61.88,4.97,53,Running
LOOM1294,33.47,1.71,1201,59.15,4.37,186,Running
LOOM1295,34.23,1.63,1203,60.52,4.45,435,Running
LOOM1296,36.52,1.13,1194,58.55,4.63,259,Running
LOOM1297,37.39,1.93,1213,61.18,4.56,65,Running
LOOM1298,34.66,1.66,1213,61.77,4.28,211,Running
LOOM1299,34.41,1.66,1207,58.25,4.96,388,Running
LOOM1300,37.54,0.73,1216,58.23,4.83,415,Running
LOOM1301,36.79,1.81,1198,59.68,5.09,408,Running
LOOM1302,35.32,0.96,1200,61.64,4.21,193,Running
LOOM1303,37.4,1.42,1189,60.8,4.65,155,Running
LOOM1304,37.33,1.44,1219,60.61,4.9,465,Running
LOOM1305,36.69,1.11,1192,61.52,4.28,325,Running
LOOM1306,34.01,1.59,1188,60.08,4.74,159,Running
LOOM1307,32.56,1.33,1213,59.36,4.84,61,Running
LOOM1308,32.17,1.69,1217,59.03,5.03,205,Running
LOOM1309,36.36,1.98,1187,60.93,5.04,182,Running
LOOM1310,35.76,1.03,1183,61.03,5.14,279,Running
LOOM1311,33.79,1.61,1209,59.36,4.44,431,Running
LOOM1312,37.93,1.35,1220,60.66,5.04,169,Running
LOOM1313,34.1,0.93,1216,60.69,4.91,316,Running
LOOM1314,36.43,0.66,1213,60.33,5.02,234,Running
LOOM1315,34.73,0.72,1207,61.31,4.28,81,Running
LOOM1316,34.55,0.7,1193,59.78,4.57,319,Running
LOOM1317,34.42,1.34,1205,61.49,4.78,375,Running
LOOM1318,34.54,1.16,1211,60.93,4.62,133,Running
LOOM1319,32.87,0.69,1209,58.52,4.9,491,Running
LOOM1320,35.17,1.54,1209,59.89,4.95,336,Running
LOOM1321,34.22,1.93,1218,61.41,4.31,239,Running
LOOM1322,35.43,0.56,1189,58.47,4.5,241,Running
LOOM1323,33.82,1.23,1189,58.57,4.79,74,Running
LOOM1324,37.62,0.96,1198,58.86,5.02,300,Running
LOOM1325,32.01,1.32,1184,61.48,4.62,343,Running
LOOM1326,33.86,1.18,1201,61.13,4.68,418,Running
LOOM1327,37.0,0.7,1188,60.02,4.66,280,Running
LOOM1328,36.0,0.72,1200,58.36,4.82,369,Running
LOOM1329,34.46,0.85,1205,59.36,4.25,393,Running
LOOM1330,37.34,1.6,1185,61.46,4.91,342,Running
LOOM1331,35.78,1.66,1199,60.24,4.32,336,Running
LOOM1332,32.51,1.93,1214,60.31,4.25,341,Running
LOOM1333,35.13,1.63,1212,61.59,4.32,322,Running
LOOM1334,33.08,0.53,1193,58.98,4.91,346,Running
LOOM1335,34.67,1.71,1218,59.28,4.79,301,Running
LOOM1336,37.17,0.53,1207,58.72,4.22,320,Running
LOOM1337,33.9,0.89,1187,61.92,4.74,196,Running
LOOM1338,32.86,0.88,1185,58.62,5.15,397,Running
LOOM1339,33.02,1.42,1200,58.73,4.91,202,Running
LOOM1340,34.34,0.98,1206,61.57,4.46,473,Running
LOOM1341,37.4,0.58,1195,61.01,4.79,302,Running
LOOM1342,35.05,1.26,1187,59.08,4.52,333,Running
LOOM1343,34.44,1.23,1206,60.53,5.11,59,Running
LOOM1344,33.61,1.95,1186,58.99,4.75,452,Running
LOOM1345,32.75,1.35,1208,58.34,4.84,154,Running
LOOM1346,36.7,0.71,1214,61.94,4.98,325,Running
LOOM1347,37.72,1.94,1215,59.81,4.2,287,Running
LOOM1348,37.77,1.43,1190,58.0,5.13,296,Running
LOOM1349,33.64,0.88,1204,62.0,5.04,158,Running
LOOM1350,35.51,1.27,1182,58.65,4.73,85,Running
LOOM1351,33.8,1.09,1187,61.32,4.93,193,Running
LOOM1352,37.27,0.82,1212,61.83,4.52,399,Running
LOOM1353,37.67,1.45,1208,59.09,4.86,214,Running
LOOM1354,34.05,1.19,1218,59.31,5.11,118,Running
LOOM1355,35.88,0.5,1210,58.02,4.21,138,Running
LOOM1356,34.48,1.84,1211,61.05,4.74,453,Running
LOOM1357,37.26,1.48,1214,58.12,5.03,393,Running
LOOM1358,34.67,0.69,1204,61.31,4.56,140,Running
LOOM1359,37.03,1.72,1180,58.5,4.57,148,Running
LOOM1360,34.67,0.83,1181,61.03,4.88,413,Running
LOOM1361,34.15,0.63,1219,60.5,5.01,163,Running
LOOM1362,33.41,1.24,1203,58.15,4.69,410,Running
LOOM1363,36.24,0.81,1192,61.94,4.84,106,Running
LOOM1364,37.22,1.35,1211,58.68,4.39,428,Running
LOOM1365,35.39,1.52,1216,58.7,4.79,431,Running
LOOM1366,32.39,0.89,1216,61.42,5.08,423,Running
LOOM1367,36.69,0.79,1181,61.97,4.89,322,Running
LOOM1368,35.69,1.52,1209,58.01,4.63,394,Running
LOOM1369,37.66,0.58,1200,59.73,5.2,190,Running
LOOM1370,32.73,1.28,1211,59.45,4.96,419,Running
LOOM1371,33.35,0.92,1206,60.13,4.52,250,Running
LOOM1372,33.17,0.62,1216,61.23,5.19,165,Running
LOOM1373,37.87,1.14,1184,61.67,4.4,218,Running
LOOM1374,33.86,1.44,1186,58.11,4.63,62,Running
LOOM1375,35.56,1.44,1201,61.36,4.45,292,Running
LOOM1376,33.43,1.01,1183,61.29,4.72,171,Running
LOOM1377,37.66,1.66,1219,59.75,4.3,278,Running
LOOM1378,35.47,0.63,1183,61.67,4.58,484,Running
LOOM1379,36.16,1.67,1183,61.68,4.64,204,Running
LOOM1380,35.66,1.15,1186,60.71,4.76,200,Running
LOOM1381,37.1,1.1,1219,61.01,4.43,356,Running
LOOM1382,36.72,1.44,1209,59.54,5.0,500,Running
LOOM1383,35.72,0.65,1181,59.82,4.53,148,Running
LOOM1384,32.65,0.52,1184,60.37,5.04,343,Running
LOOM1385,32.76,1.26,1202,59.68,4.92,277,Running
LOOM1386,33.12,0.71,1182,58.24,4.51,273,Running
LOOM1387,35.08,1.48,1202,59.24,5.09,447,Running
LOOM1388,32.87,1.2,1218,59.37,4.57,54,Running
LOOM1389,35.11,1.49,1189,58.23,4.71,477,Running
LOOM1390,35.36,0.58,1202,58.78,4.4,153,Running
LOOM1391,36.71,1.01,1210,60.78,5.18,357,Running
LOOM1392,36.15,1.78,1216,61.85,4.82,264,Running
LOOM1393,33.97,0.66,1182,59.98,5.12,377,Running
LOOM1394,33.34,0.85,1219,58.85,4.68,443,Running
LOOM1395,37.72,1.0,1204,58.82,4.38,53,Running
LOOM1396,34.18,0.61,1181,60.22,4.34,275,Running
LOOM1397,33.17,1.38,1203,58.18,4.23,151,Running
LOOM1398,33.7,0.83,1196,60.88,4.54,333,Running
LOOM1399,33.48,0.79,1191,61.37,5.11,60,Running
LOOM1400,36.99,0.71,1187,59.35,4.41,283,Running
LOOM1401,33.44,1.71,1190,61.76,5.18,369,Running
LOOM1402,37.29,1.82,1184,58.47,5.08,116,Running
LOOM1403,36.77,0.79,1204,60.78,4.52,269,Running
LOOM1404,37.86,0.87,1182,61.05,4.79,487,Running
LOOM1405,35.21,1.68,1200,58.99,4.83,193,Running
LOOM1406,37.24,1.78,1217,61.54,4.41,91,Running
LOOM1407,36.71,1.69,1219,58.26,4.71,434,Running
LOOM1408,37.29,1.63,1203,59.99,4.66,214,Running
LOOM1409,36.27,1.29,1210,60.86,4.69,187,Running
LOOM1410,35.49,1.46,1217,60.6,4.41,153,Running
LOOM1411,34.71,0.85,1193,59.22,5.09,342,Running
LOOM1412,32.94,1.76,1196,60.2,4.33,93,Running
LOOM1413,33.77,1.28,1194,60.34,4.67,368,Running
LOOM1414,34.02,1.18,1207,59.64,5.0,212,Running
LOOM1415,33.64,0.54,1208,58.94,4.85,233,Running
LOOM1416,37.41,0.94,1212,60.05,4.84,452,Running
LOOM1417,33.66,0.84,1187,58.29,4.24,152,Running
LOOM1418,34.0,1.51,1196,59.21,5.02,399,Running
LOOM1419,37.07,0.79,1218,61.99,5.2,435,Running
LOOM1420,36.3,1.31,1196,58.03,4.5,471,Running
LOOM1421,34.08,2.0,1205,61.29,4.96,56,Running
LOOM1422,34.83,1.27,1189,61.46,4.43,420,Running
LOOM1423,36.49,1.21,1213,60.35,4.75,289,Running
LOOM1424,36.34,1.19,1185,59.25,4.39,444,Running
LOOM1425,37.65,1.13,1208,59.8,4.76,241,Running
LOOM1426,32.83,1.81,1199,61.77,4.21,464,Running
LOOM1427,35.95,1.03,1194,59.68,4.89,256,Running
LOOM1428,36.58,1.54,1199,59.3,4.22,452,Running
LOOM1429,32.19,0.71,1201,60.27,5.0,361,Running
LOOM1430,35.44,1.09,1204,58.82,4.59,323,Running
LOOM1431,34.32,1.21,1201,60.28,4.65,205,Running
LOOM1432,32.56,0.66,1215,58.71,5.03,358,Running
LOOM1433,34.93,0.78,1184,61.65,4.59,155,Running
LOOM1434,33.4,1.49,1184,59.82,4.57,55,Running
LOOM1435,33.03,1.79,1206,59.56,5.19,116,Running
LOOM1436,35.22,1.22,1184,59.56,5.1,155,Running
LOOM1437,32.78,0.81,1207,61.27,4.86,131,Running
LOOM1438,35.62,1.91,1217,58.81,4.92,284,Running
LOOM1439,33.65,0.51,1189,59.78,5.02,359,Running
LOOM1440,36.85,1.29,1216,61.52,4.66,344,Running
LOOM1441,32.23,0.64,1209,59.39,5.04,455,Running
LOOM1442,33.78,1.42,1191,59.66,4.38,366,Running
LOOM1443,36.4,1.19,1191,60.79,4.3,407,Running
LOOM1444,37.67,0.86,1190,59.1,4.83,199,Running
LOOM1445,36.0,0.6,1193,61.63,4.61,440,Running
LOOM1446,35.32,1.99,1184,61.02,4.7,449,Running
LOOM1447,33.96,1.18,1196,58.83,4.24,63,Running
LOOM1448,32.44,1.54,1209,59.52,4.95,488,Running
LOOM1449,33.17,0.56,1196,58.46,5.12,217,Running
LOOM1450,36.02,1.2,1209,58.27,4.75,174,Running
LOOM1451,36.28,1.16,1210,61.28,5.04,137,Running
LOOM1452,37.03,1.41,1191,59.18,4.73,250,Running
LOOM1453,33.01,1.51,1180,60.71,4.35,233,Running
LOOM1454,33.07,1.57,1214,58.86,4.9,478,Running
LOOM1455,35.81,1.28,1186,59.56,4.51,76,Running
LOOM1456,35.59,0.57,1204,61.07,5.13,241,Running
LOOM1457,37.45,0.8,1181,59.69,5.19,222,Running
LOOM1458,36.92,1.52,1184,58.88,5.08,458,Running
LOOM1459,37.01,1.5,1190,58.18,4.71,467,Running
LOOM1460,33.96,1.34,1192,60.5,5.13,252,Running
LOOM1461,37.63,0.68,1193,58.42,4.52,57,Running
LOOM1462,34.41,0.97,1204,58.85,4.42,386,Running
LOOM1463,36.89,1.47,1203,58.18,5.09,260,Running
LOOM1464,33.81,1.4,1186,60.85,4.99,485,Running
LOOM1465,35.42,0.88,1186,60.4,5.18,406,Running
LOOM1466,34.33,1.89,1188,59.33,4.84,402,Running
LOOM1467,33.91,1.78,1210,58.27,4.22,349,Running
LOOM1468,34.69,1.27,1194,60.01,4.9,56,Running
LOOM1469,33.4,1.42,1187,59.24,4.94,437,Running
LOOM1470,33.46,0.62,1188,59.5,4.5,127,Running
LOOM1471,34.25,1.46,1195,61.69,4.8,277,Running
LOOM1472,36.44,0.99,1197,59.27,4.99,70,Running
LOOM1473,35.13,1.97,1198,61.0,4.43,425,Running
LOOM1474,33.99,0.86,1214,58.22,5.12,177,Running
LOOM1475,36.81,1.54,1194,60.43,4.58,214,Running
LOOM1476,33.1,1.44,1184,61.48,4.27,148,Running
LOOM1477,32.31,1.99,1193,58.5,4.37,331,Running
LOOM1478,36.99,1.9,1195,60.03,4.63,289,Running
LOOM1479,33.87,1.58,1195,59.7,4.81,205,Running
LOOM1480,33.71,1.17,1220,58.81,5.06,296,Running
LOOM1481,32.48,1.96,1205,59.51,4.67,266,Running
LOOM1482,35.03,1.6,1189,61.28,4.99,60,Running
LOOM1483,36.57,1.14,1185,61.04,5.12,354,Running
LOOM1484,35.22,1.33,1191,59.03,4.66,282,Running
LOOM1485,33.7,1.34,1210,58.29,4.34,290,Running
LOOM1486,33.17,1.87,1180,58.05,4.7,421,Running
LOOM1487,34.25,1.11,1206,61.76,5.17,241,Running
LOOM1488,34.3,0.96,1217,58.28,5.08,113,Running
LOOM1489,34.31,1.35,1192,61.05,5.16,444,Running
LOOM1490,37.48,1.58,1212,60.84,4.83,238,Running
LOOM1491,36.18,1.48,1207,60.94,4.44,67,Running
LOOM1492,37.53,1.04,1181,60.79,4.85,183,Running
LOOM1493,35.63,1.92,1189,59.02,4.8,389,Running
LOOM1494,37.05,0.52,1185,60.58,5.12,253,Running
LOOM1495,36.24,1.96,1185,60.07,4.39,266,Running
LOOM1496,32.99,1.14,1199,60.0,4.73,245,Running
LOOM1497,35.52,1.6,1185,58.44,4.77,458,Running
LOOM1498,34.07,0.71,1193,61.72,4.6,207,Running
LOOM1499,32.04,0.75,1211,58.01,4.27,406,Running
LOOM1500,34.51,1.13,1198,60.93,4.37,241,Running
LOOM1501,33.12,0.7,1211,58.73,5.15,280,Running
LOOM1502,35.4,0.82,1192,58.24,4.38,438,Running
LOOM1503,33.15,1.97,1206,59.76,5.11,105,Running
LOOM1504,37.21,0.75,1198,58.34,4.32,82,Running
LOOM1505,34.05,1.38,1210,59.94,4.96,54,Running
LOOM1506,32.37,1.63,1180,60.66,4.99,71,Running
LOOM1507,32.58,1.28,1180,59.5,4.72,439,Running
LOOM1508,33.6,1.23,1201,60.42,4.54,399,Running
LOOM1509,37.34,2.0,1195,61.76,4.87,243,Running
LOOM1510,35.66,1.96,1201,61.23,4.2,495,Running
LOOM1511,36.19,1.59,1188,58.1,4.32,321,Running
LOOM1512,33.68,1.55,1195,59.47,4.82,387,Running
LOOM1513,37.22,1.27,1192,58.01,4.84,466,Running
LOOM1514,33.93,1.45,1182,61.88,4.94,397,Running
LOOM1515,34.67,1.41,1205,60.96,4.99,228,Running
LOOM1516,34.57,1.9,1210,61.95,5.06,101,Running
LOOM1517,36.41,0.94,1192,60.85,5.07,498,Running
LOOM1518,35.43,1.79,1212,58.13,4.7,94,Running
LOOM1519,33.81,1.51,1215,61.95,4.67,278,Running
LOOM1520,37.73,1.22,1214,58.96,4.41,435,Running
LOOM1521,37.67,1.55,1186,59.74,4.92,132,Running
LOOM1522,37.57,0.99,1204,61.07,4.42,181,Running
LOOM1523,36.0,1.93,1187,60.66,5.12,374,Running
LOOM1524,36.35,0.64,1201,61.49,5.13,442,Running
LOOM1525,37.54,0.6,1201,59.51,4.92,426,Running
LOOM1526,36.35,1.48,1215,61.86,4.64,169,Running
LOOM1527,33.34,0.67,1185,58.45,4.54,353,Running
LOOM1528,37.62,1.62,1187,60.29,4.33,210,Running
LOOM1529,37.72,1.37,1180,59.24,4.79,147,Running
LOOM1530,37.08,1.97,1200,61.09,5.0,457,Running
LOOM1531,32.76,1.5,1217,58.89,4.6,325,Running
LOOM1532,37.11,0.97,1198,61.35,4.7,283,Running
LOOM1533,32.88,0.93,1182,60.4,4.51,402,Running
LOOM1534,32.74,2.0,1216,59.91,5.03,303,Running
LOOM1535,33.75,1.95,1183,61.92,4.53,473,Running
LOOM1536,36.3,1.77,1194,60.8,4.25,493,Running
LOOM1537,36.66,1.79,1205,59.2,5.02,484,Running
LOOM1538,32.96,0.53,1205,59.35,4.88,228,Running
LOOM1539,36.55,1.09,1213,60.91,4.48,149,Running
LOOM1540,36.21,1.32,1186,58.52,4.95,347,Running
LOOM1541,37.2,0.58,1199,59.83,4.36,120,Running
LOOM1542,34.65,1.22,1189,58.84,5.0,150,Running
LOOM1543,36.41,0.51,1216,58.41,4.99,489,Running
LOOM1544,32.89,1.93,1207,60.72,4.37,78,Running
LOOM1545,32.58,1.96,1191,61.78,4.32,313,Running
LOOM1546,35.9,1.39,1189,60.51,4.6,67,Running
LOOM1547,32.71,1.09,1199,60.75,5.15,384,Running
LOOM1548,36.47,1.66,1185,61.11,5.06,382,Running
LOOM1549,34.29,1.45,1208,59.47,4.32,92,Running
LOOM1550,32.73,1.46,1212,58.9,4.79,343,Running
LOOM1551,34.88,1.54,1186,61.18,4.38,297,Running
LOOM1552,38.0,1.55,1199,60.29,4.3,82,Running
LOOM1553,36.28,1.79,1214,58.74,5.01,60,Running
LOOM1554,34.36,1.73,1213,59.95,4.72,349,Running
LOOM1555,35.23,1.73,1187,61.01,4.41,387,Running
LOOM1556,37.39,0.77,1218,60.78,4.21,278,Running
LOOM1557,36.8,0.68,1188,60.3,4.85,94,Running
LOOM1558,35.37,1.78,1182,58.34,4.32,202,Running
LOOM1559,34.18,1.32,1207,61.91,4.86,177,Running
LOOM1560,33.8,1.92,1213,61.62,4.49,323,Running
LOOM1561,34.67,1.37,1200,60.09,5.19,230,Running
LOOM1562,35.64,1.27,1186,60.65,4.24,68,Running
LOOM1563,33.13,0.95,1193,61.83,4.8,160,Running
LOOM1564,35.55,0.92,1219,59.69,4.75,183,Running
LOOM1565,34.29,1.86,1205,59.82,5.14,396,Running
LOOM1566,34.55,1.54,1214,58.82,4.83,187,Running
LOOM1567,37.97,1.55,1192,60.86,4.76,381,Running
LOOM1568,36.92,1.41,1206,61.29,4.52,453,Running
LOOM1569,34.6,0.54,1218,58.99,4.47,322,Running
LOOM1570,32.66,1.32,1184,59.32,4.29,220,Running
LOOM1571,36.67,0.72,1194,59.09,4.3,163,Running
LOOM1572,34.27,0.66,1187,58.7,4.93,206,Running
LOOM1573,35.53,1.71,1186,60.12,4.9,493,Running
LOOM1574,33.69,0.91,1186,61.59,4.37,434,Running
LOOM1575,34.34,1.02,1214,60.21,5.08,256,Running
LOOM1576,34.86,0.69,1180,60.75,4.91,386,Running
LOOM1577,32.76,1.07,1197,58.21,4.93,239,Running
LOOM1578,36.25,0.87,1218,59.67,4.66,274,Running
LOOM1579,37.92,1.7,1212,59.15,5.15,316,Running
LOOM1580,37.65,1.82,1194,59.22,5.06,206,Running
LOOM1581,34.44,0.97,1185,60.54,4.28,172,Running
LOOM1582,37.67,0.75,1183,58.34,4.49,302,Running
LOOM1583,36.85,0.52,1207,60.71,5.13,119,Running
LOOM1584,34.88,1.27,1214,60.79,4.61,365,Running
LOOM1585,33.14,1.75,1180,60.86,4.9,433,Running
LOOM1586,34.07,1.99,1213,60.74,4.24,279,Running
LOOM1587,37.79,1.51,1213,61.62,4.37,237,Running
LOOM1588,37.04,1.27,1183,59.69,4.58,241,Running
LOOM1589,37.82,1.01,1195,61.33,5.05,489,Running
LOOM1590,32.71,0.95,1198,59.06,4.2,373,Running
LOOM1591,35.41,0.83,1199,61.72,5.16,313,Running
LOOM1592,36.95,0.55,1209,61.57,5.05,79,Running
LOOM1593,34.13,1.42,1201,59.19,4.31,229,Running
LOOM1594,37.34,0.78,1202,58.04,4.63,151,Running
LOOM1595,32.51,1.27,1189,59.64,5.11,53,Running
LOOM1596,32.93,1.48,1194,59.88,4.57,236,Running
LOOM1597,34.57,0.77,1197,58.43,4.64,479,Running
LOOM1598,34.64,0.71,1207,58.02,5.08,413,Running
LOOM1599,33.19,0.78,1182,58.53,4.62,219,Running
LOOM1600,37.41,0.74,1192,61.79,5.16,186,Running
LOOM1601,32.71,1.23,1211,61.2,4.91,216,Running
LOOM1602,36.51,1.67,1205,60.01,5.12,481,Running
LOOM1603,36.95,0.7,1186,61.17,4.33,226,Running
LOOM1604,35.0,1.65,1195,58.21,5.03,269,Running
LOOM1605,37.86,1.61,1207,59.92,4.48,92,Running
LOOM1606,36.57,0.87,1189,60.92,4.39,193,Running
LOOM1607,36.6,1.8,1195,60.67,4.63,292,Running
LOOM1608,36.24,1.71,1212,60.44,4.39,487,Running
LOOM1609,35.55,1.45,1194,58.48,4.6,190,Running
LOOM1610,37.94,1.89,1207,58.07,4.4,492,Running
LOOM1611,32.31,1.11,1199,60.8,5.18,163,Running
LOOM1612,34.02,1.22,1212,59.71,4.25,106,Running
LOOM1613,33.62,0.92,1202,60.85,4.45,74,Running
LOOM1614,33.09,0.5,1200,58.85,4.67,360,Running
LOOM1615,32.6,0.78,1211,59.45,4.5,99,Running
LOOM1616,36.01,1.52,1188,59.32,4.94,235,Running
LOOM1617,36.46,1.38,1218,59.49,4.85,157,Running
LOOM1618,35.51,0.63,1186,58.52,4.94,111,Running
LOOM1619,32.25,1.95,1192,58.77,4.65,100,Running
LOOM1620,32.45,1.32,1201,59.21,4.67,439,Running
LOOM1621,33.21,1.58,1182,58.51,4.62,414,Running
LOOM1622,33.52,1.82,1215,61.9,5.09,279,Running
LOOM1623,35.78,0.68,1207,58.27,4.62,307,Running
LOOM1624,36.75,0.75,1197,60.79,4.33,73,Running
LOOM1625,37.73,0.59,1192,60.96,4.6,400,Running
LOOM1626,35.19,1.27,1184,58.66,4.95,246,Running
LOOM1627,35.37,1.09,1218,59.09,4.38,131,Running
LOOM1628,35.43,1.39,1180,61.52,4.99,283,Running
LOOM1629,35.02,1.58,1196,59.21,4.42,412,Running
LOOM1630,33.61,0.68,1194,58.18,4.44,70,Running
LOOM1631,35.84,1.91,1197,61.71,4.47,454,Running
LOOM1632,32.31,1.97,1193,60.14,4.2,227,Running
LOOM1633,35.8,1.96,1200,58.33,4.91,331,Running
LOOM1634,33.58,0.7,1219,59.18,5.19,370,Running
LOOM1635,36.9,1.74,1194,60.92,4.48,181,Running
LOOM1636,37.83,1.31,1217,58.43,4.95,245,Running
LOOM1637,37.67,0.89,1220,60.54,4.75,468,Running
LOOM1638,34.65,0.99,1193,60.33,5.01,435,Running
LOOM1639,34.37,1.17,1207,59.47,5.1,97,Running
LOOM1640,34.98,1.19,1191,58.76,4.69,423,Running
LOOM1641,33.08,0.92,1199,58.65,4.38,251,Running
LOOM1642,36.12,0.78,1189,58.29,4.45,380,Running
LOOM1643,37.82,0.65,1213,58.55,4.95,56,Running
LOOM1644,35.62,1.07,1181,58.44,4.21,475,Running
LOOM1645,35.87,0.57,1195,61.08,4.47,371,Running
LOOM1646,35.6,1.69,1180,61.83,4.31,426,Running
LOOM1647,36.91,1.78,1185,58.81,4.68,338,Running
LOOM1648,37.35,1.72,1199,59.33,4.35,78,Running
LOOM1649,35.26,0.9,1214,58.49,5.02,102,Running
LOOM1650,35.27,0.65,1206,58.57,5.11,62,Running
LOOM1651,33.36,1.08,1202,60.62,4.43,500,Running
LOOM1652,36.11,1.53,1187,59.97,5.19,164,Running
LOOM1653,32.61,1.93,1202,58.31,4.53,234,Running
LOOM1654,37.54,1.88,1182,60.42,4.38,321,Running
LOOM1655,34.01,0.77,1207,58.6,4.87,204,Running
LOOM1656,35.75,0.93,1186,59.08,4.7,238,Running
LOOM1657,37.6,1.72,1184,61.16,5.06,126,Running
LOOM1658,36.67,0.72,1189,59.56,4.92,452,Running
LOOM1659,37.86,1.72,1187,60.31,5.16,192,Running
LOOM1660,32.87,0.98,1188,58.73,4.59,213,Running
LOOM1661,34.97,1.22,1206,60.41,4.84,120,Running
LOOM1662,36.81,1.48,1195,59.53,4.75,325,Running
LOOM1663,35.2,1.3,1194,59.54,4.78,265,Running
LOOM1664,35.16,1.66,1194,60.81,4.44,51,Running
LOOM1665,33.22,1.78,1203,60.23,5.16,106,Running
LOOM1666,32.36,1.02,1188,59.18,4.34,486,Running
LOOM1667,35.31,1.9,1206,58.97,5.03,78,Running
LOOM1668,36.48,0.68,1189,59.51,4.23,267,Running
LOOM1669,34.23,1.55,1217,58.3,5.04,495,Running
LOOM1670,32.95,0.72,1189,58.32,4.28,341,Running
LOOM1671,36.99,1.12,1191,59.88,4.34,320,Running
LOOM1672,36.19,0.95,1206,60.89,4.64,380,Running
LOOM1673,36.17,0.93,1189,58.24,4.84,359,Running
LOOM1674,36.51,1.25,1180,59.59,4.62,498,Running
LOOM1675,34.73,1.57,1196,61.68,4.7,413,Running
LOOM1676,33.36,1.9,1197,61.89,4.72,114,Running
LOOM1677,36.46,1.1,1183,58.88,4.38,431,Running
LOOM1678,37.86,1.41,1184,61.27,4.67,210,Running
LOOM1679,35.92,1.11,1204,58.66,5.0,381,Running
LOOM1680,34.55,0.9,1186,58.31,4.8,483,Running
LOOM1681,34.01,0.86,1190,60.17,4.27,355,Running
LOOM1682,32.07,1.86,1192,60.21,4.84,66,Running
LOOM1683,33.44,0.63,1216,60.26,4.76,454,Running
LOOM1684,34.9,0.57,1185,61.77,4.21,232,Running
LOOM1685,36.51,1.94,1212,58.78,4.95,421,Running
LOOM1686,34.14,0.69,1186,59.33,5.1,307,Running
LOOM1687,32.61,1.71,1189,58.09,5.0,294,Running
LOOM1688,35.52,1.78,1198,58.64,4.88,90,Running
LOOM1689,37.31,0.64,1194,61.54,5.01,384,Running
LOOM1690,32.85,1.58,1212,60.07,4.93,383,Running
LOOM1691,35.14,1.65,1208,61.14,4.54,234,Running
LOOM1692,35.74,1.91,1182,61.56,4.97,248,Running
LOOM1693,33.43,2.0,1218,58.3,4.35,371,Running
LOOM1694,37.97,0.65,1180,58.57,5.07,330,Running
LOOM1695,37.21,1.7,1185,60.0,4.65,136,Running
LOOM1696,37.6,0.74,1197,60.31,4.55,86,Running
LOOM1697,33.08,1.66,1196,61.94,5.18,440,Running
LOOM1698,37.26,1.48,1188,61.76,5.17,299,Running
LOOM1699,32.24,1.79,1205,59.64,4.82,398,Running
LOOM1700,32.77,1.05,1219,61.81,4.57,399,Running
LOOM1701,34.48,1.18,1182,60.48,4.84,429,Running
LOOM1702,36.74,1.55,1215,58.03,5.05,198,Running
LOOM1703,34.25,1.36,1184,58.89,5.07,392,Running
LOOM1704,32.56,1.2,1214,61.6,4.66,93,Running
LOOM1705,33.08,0.66,1205,61.07,4.4,218,Running
LOOM1706,32.39,1.01,1218,59.95,4.9,293,Running
LOOM1707,32.69,1.18,1214,58.62,4.67,377,Running
LOOM1708,33.28,1.35,1218,61.1,4.26,463,Running
LOOM1709,34.17,1.15,1210,58.85,4.41,61,Running
LOOM1710,37.72,1.53,1197,59.01,4.38,122,Running
LOOM1711,32.42,1.11,1199,61.5,4.65,264,Running
LOOM1712,35.15,1.5,1196,58.74,4.25,269,Running
LOOM1713,34.05,1.63,1190,58.79,5.14,296,Running
LOOM1714,34.85,1.53,1190,61.86,4.64,404,Running
LOOM1715,35.42,1.73,1215,61.13,4.8,89,Running
LOOM1716,36.34,1.37,1189,59.29,5.19,425,Running
LOOM1717,36.46,1.61,1200,58.06,5.1,125,Running
LOOM1718,35.0,0.97,1206,59.05,4.92,280,Running
LOOM1719,37.66,1.79,1220,59.8,5.17,99,Running
LOOM1720,32.22,1.62,1192,59.68,4.75,135,Running
LOOM1721,35.61,0.82,1193,61.81,5.17,345,Running
LOOM1722,37.73,1.06,1203,58.06,5.1,307,Running
LOOM1723,36.91,0.69,1211,60.6,4.66,260,Running
LOOM1724,34.11,1.74,1207,60.09,4.97,108,Running
LOOM1725,37.56,1.19,1203,58.71,4.79,327,Running
LOOM1726,34.62,0.93,1207,60.54,4.9,488,Running
LOOM1727,32.6,0.63,1186,58.36,4.22,260,Running
LOOM1728,32.62,1.62,1219,61.71,4.3,277,Running
LOOM1729,35.02,1.71,1198,61.41,4.41,447,Running
LOOM1730,34.73,1.07,1192,61.43,5.15,229,Running
LOOM1731,37.81,1.87,1206,61.63,4.84,451,Running
LOOM1732,36.45,0.51,1203,61.13,4.71,187,Running
LOOM1733,37.28,0.9,1206,60.69,4.2,262,Running
LOOM1734,32.2,0.54,1203,61.36,4.72,429,Running
LOOM1735,35.6,1.0,1216,61.97,4.44,250,Running
LOOM1736,33.16,1.47,1183,61.21,4.78,115,Running
LOOM1737,37.64,1.09,1191,59.61,4.52,131,Running
LOOM1738,34.62,0.65,1188,60.02,4.83,451,Running
LOOM1739,34.35,1.64,1196,61.35,4.36,215,Running
LOOM1740,33.22,0.64,1207,58.05,4.97,128,Running
LOOM1741,32.17,1.56,1185,60.29,4.23,425,Running
LOOM1742,32.78,1.18,1220,61.11,4.39,384,Running
LOOM1743,37.39,0.95,1214,61.36,4.93,463,Running
LOOM1744,36.72,1.66,1183,59.1,5.13,371,Running
LOOM1745,32.14,1.98,1186,58.44,5.13,112,Running
LOOM1746,32.64,0.92,1191,58.37,4.69,235,Running
LOOM1747,37.48,0.81,1186,59.96,4.22,87,Running
LOOM1748,34.92,1.44,1193,60.75,4.58,210,Running
LOOM1749,35.8,1.18,1190,58.72,4.21,141,Running
LOOM1750,35.96,1.45,1182,58.47,4.54,227,Running
LOOM1751,34.9,1.42,1214,58.02,4.72,180,Running
LOOM1752,37.56,0.79,1181,60.14,4.72,439,Running
LOOM1753,32.91,1.8,1187,61.59,4.23,120,Running
LOOM1754,33.32,1.59,1188,59.07,4.68,97,Running
LOOM1755,34.09,1.33,1198,59.87,5.01,273,Running
LOOM1756,35.08,1.1,1192,59.0,4.4,483,Running
LOOM1757,37.32,0.92,1205,58.41,4.99,350,Running
LOOM1758,33.87,1.69,1211,59.73,4.65,355,Running
LOOM1759,36.48,1.72,1219,58.43,4.58,152,Running
LOOM1760,35.4,1.06,1220,61.28,4.65,67,Running
LOOM1761,37.75,0.88,1206,59.17,5.03,380,Running
LOOM1762,37.7,1.3,1205,58.12,4.38,215,Running
LOOM1763,34.58,0.78,1195,58.29,4.86,240,Running
LOOM1764,32.87,0.97,1180,59.27,4.21,218,Running
LOOM1765,33.28,1.35,1200,61.59,4.76,247,Running
LOOM1766,33.7,0.82,1193,58.41,4.48,361,Running
LOOM1767,37.68,1.71,1184,60.3,4.85,399,Running
LOOM1768,36.54,0.98,1200,58.79,4.25,302,Running
LOOM1769,34.99,1.99,1206,58.48,4.65,357,Running
LOOM1770,33.96,1.07,1216,58.09,4.22,451,Running
LOOM1771,37.14,1.98,1209,59.14,5.04,256,Running
LOOM1772,32.22,1.3,1213,58.16,4.84,85,Running
LOOM1773,34.82,1.74,1206,60.89,4.47,435,Running
LOOM1774,34.07,0.62,1200,59.98,4.25,202,Running
LOOM1775,36.18,1.18,1187,61.37,5.14,102,Running
LOOM1776,32.18,0.57,1180,58.55,5.19,491,Running
LOOM1777,36.13,1.15,1190,58.35,4.92,465,Running
LOOM1778,34.21,1.85,1180,61.74,5.07,182,Running
LOOM1779,37.3,0.56,1183,61.79,4.28,218,Running
LOOM1780,36.13,1.69,1204,59.08,4.37,120,Running
LOOM1781,35.5,0.68,1200,61.45,4.95,485,Running
LOOM1782,37.8,1.12,1208,60.67,4.72,173,Running
LOOM1783,35.47,1.49,1197,59.29,4.93,165,Running
LOOM1784,32.55,1.65,1185,59.41,5.04,174,Running
LOOM1785,35.96,1.6,1193,60.78,4.28,303,Running
LOOM1786,32.36,0.52,1193,59.87,4.59,299,Running
LOOM1787,32.63,0.81,1217,61.05,4.71,210,Running
LOOM1788,36.56,0.97,1209,60.62,5.05,104,Running
LOOM1789,37.48,0.83,1203,59.54,4.65,367,Running
LOOM1790,35.08,1.67,1192,58.27,4.62,401,Running
LOOM1791,33.84,1.8,1186,58.59,5.08,431,Running
LOOM1792,32.66,0.52,1209,58.75,4.23,388,Running
LOOM1793,35.19,1.03,1187,61.71,4.28,270,Running
LOOM1794,33.27,1.1,1207,60.03,4.25,189,Running
LOOM1795,34.22,0.57,1204,60.93,4.62,200,Running
LOOM1796,33.14,0.76,1197,60.12,4.69,271,Running
LOOM1797,32.66,0.57,1195,61.84,4.42,77,Running
LOOM1798,37.37,1.36,1195,58.26,4.3,165,Running
LOOM1799,37.3,1.55,1205,59.57,4.3,425,Running
LOOM1800,36.94,1.54,1211,58.82,4.99,227,Running
LOOM1801,35.82,1.56,1198,60.94,4.29,307,Running
LOOM1802,37.45,1.43,1199,61.41,4.89,137,Running
LOOM1803,33.89,0.6,1191,59.33,4.66,56,Running
LOOM1804,36.0,1.14,1181,58.71,4.46,89,Running
LOOM1805,33.02,1.64,1180,60.38,5.17,348,Running
LOOM1806,32.01,1.81,1210,58.44,5.02,340,Running
LOOM1807,36.08,0.94,1194,60.1,4.37,125,Running
LOOM1808,36.65,0.65,1201,59.81,4.93,329,Running
LOOM1809,33.54,1.23,1203,59.84,5.03,204,Running
LOOM1810,36.26,1.84,1218,59.94,4.47,315,Running
LOOM1811,36.37,0.53,1206,61.43,4.86,122,Running
LOOM1812,34.14,0.55,1216,60.96,5.17,234,Running
LOOM1813,33.24,0.63,1204,60.55,5.17,499,Running
LOOM1814,35.76,1.32,1208,61.95,5.08,139,Running
LOOM1815,33.59,1.52,1201,59.56,4.62,191,Running
LOOM1816,33.86,0.56,1213,60.81,5.03,112,Running
LOOM1817,34.6,1.18,1202,59.15,5.17,305,Running
LOOM1818,37.56,0.72,1189,60.09,4.49,335,Running
LOOM1819,35.99,0.96,1198,58.26,4.49,282,Running
LOOM1820,32.25,0.92,1217,58.49,4.69,52,Running
LOOM1821,34.58,1.49,1180,58.2,4.34,499,Running
LOOM1822,33.7,1.79,1215,58.62,4.29,188,Running
LOOM1823,32.86,1.6,1207,60.34,4.28,162,Running
LOOM1824,32.19,1.9,1195,61.25,4.84,266,Running
LOOM1825,34.39,1.86,1196,61.68,4.8,138,Running
LOOM1826,35.38,1.52,1200,61.22,4.34,443,Running
LOOM1827,33.2,0.7,1215,58.8,4.5,202,Running
LOOM1828,35.4,1.44,1214,58.73,4.98,476,Running
LOOM1829,34.62,0.71,1208,60.78,4.7,400,Running
LOOM1830,36.28,1.2,1207,59.87,5.16,286,Running
LOOM1831,32.17,1.34,1206,58.35,4.34,204,Running
LOOM1832,36.72,1.37,1203,58.51,4.74,339,Running
LOOM1833,37.27,0.58,1205,58.5,4.87,286,Running
LOOM1834,36.84,1.81,1209,61.36,4.28,188,Running
LOOM1835,36.98,1.47,1201,60.38,5.02,339,Running
LOOM1836,34.89,1.0,1183,58.49,4.78,311,Running
LOOM1837,36.44,0.58,1193,60.07,4.76,303,Running
LOOM1838,32.82,1.84,1220,61.41,4.5,209,Running
LOOM1839,36.31,1.9,1211,60.49,4.4,84,Running
LOOM1840,32.0,1.41,1187,60.08,4.45,103,Running
LOOM1841,34.84,1.75,1208,59.56,5.13,203,Running
LOOM1842,34.43,1.97,1195,61.37,4.75,470,Running
LOOM1843,35.68,1.16,1219,58.49,4.35,61,Running
LOOM1844,33.11,1.73,1195,58.68,4.94,329,Running
LOOM1845,33.2,1.22,1198,60.67,5.16,302,Running
LOOM1846,34.2,0.91,1204,60.79,4.31,263,Running
LOOM1847,36.88,0.72,1198,59.83,4.76,55,Running
LOOM1848,35.48,0.55,1219,59.78,5.11,231,Running
LOOM1849,37.78,1.2,1209,59.11,5.18,233,Running
LOOM1850,35.0,1.79,1193,59.4,4.91,249,Running
LOOM1851,35.08,0.76,1189,59.41,4.92,223,Running
LOOM1852,34.76,1.79,1188,59.11,4.96,205,Running
LOOM1853,37.54,0.6,1210,59.51,4.67,387,Running
LOOM1854,33.08,1.56,1212,61.1,4.73,116,Running
LOOM1855,36.19,1.38,1217,59.39,4.82,256,Running
LOOM1856,32.41,0.54,1190,58.93,4.87,305,Running
LOOM1857,37.61,1.21,1194,61.93,5.01,425,Running
LOOM1858,36.77,0.66,1191,60.91,4.58,265,Running
LOOM1859,37.53,0.59,1196,58.46,5.05,87,Running
LOOM1860,34.65,1.06,1220,61.36,5.12,214,Running
LOOM1861,32.65,1.17,1188,61.96,4.77,152,Running
LOOM1862,33.17,1.24,1198,58.9,4.94,272,Running
LOOM1863,36.88,1.71,1192,58.34,4.22,392,Running
LOOM1864,32.58,0.55,1188,61.57,4.56,258,Running
LOOM1865,35.41,1.8,1201,58.74,4.93,422,Running
LOOM1866,35.85,1.24,1193,60.28,4.67,230,Running
LOOM1867,34.14,1.85,1188,61.21,4.64,370,Running
LOOM1868,34.26,0.61,1185,58.51,4.72,101,Running
LOOM1869,32.71,0.85,1218,60.16,4.22,470,Running
LOOM1870,37.64,1.88,1196,59.56,4.56,496,Running
LOOM1871,37.23,1.95,1184,60.14,4.44,315,Running
LOOM1872,37.59,1.25,1205,60.47,4.75,106,Running
LOOM1873,35.5,1.91,1196,60.61,4.23,265,Running
LOOM1874,33.57,1.0,1183,58.56,4.75,425,Running
LOOM1875,33.98,1.64,1183,58.94,4.27,338,Running
LOOM1876,37.43,1.55,1182,59.38,4.27,263,Running
LOOM1877,35.59,1.42,1185,61.55,4.68,116,Running
LOOM1878,33.62,0.56,1182,59.99,4.43,229,Running
LOOM1879,34.59,0.96,1194,58.09,4.26,446,Running
LOOM1880,36.69,0.79,1218,61.44,4.88,427,Running
LOOM1881,32.11,1.22,1204,61.06,4.9,270,Running
LOOM1882,36.21,1.32,1187,59.75,5.1,238,Running
LOOM1883,34.11,1.01,1183,58.95,4.29,55,Running
LOOM1884,33.36,1.62,1214,60.27,5.19,57,Running
LOOM1885,37.24,0.87,1183,58.31,4.33,142,Running
LOOM1886,33.7,0.97,1218,60.62,4.44,199,Running
LOOM1887,32.78,1.1,1187,60.63,4.28,328,Running
LOOM1888,33.24,1.56,1202,61.59,5.06,277,Running
LOOM1889,36.28,1.91,1215,59.17,4.85,319,Running
LOOM1890,37.36,0.98,1214,60.01,4.25,260,Running
LOOM1891,36.23,1.43,1197,58.31,5.11,480,Running
LOOM1892,37.86,0.85,1215,58.84,4.57,467,Running
LOOM1893,36.73,0.55,1195,60.79,4.85,282,Running
LOOM1894,37.72,0.53,1182,59.08,4.79,203,Running
LOOM1895,36.96,0.63,1197,61.42,4.58,59,Running
LOOM1896,37.18,1.08,1182,58.9,4.58,387,Running
LOOM1897,34.59,0.58,1199,58.13,4.96,63,Running
LOOM1898,37.46,1.63,1201,61.69,5.11,464,Running
LOOM1899,36.52,0.82,1181,59.36,5.03,272,Running
LOOM1900,37.19,1.67,1183,61.23,4.75,419,Running
LOOM1901,37.59,0.93,1214,59.85,4.77,340,Running
LOOM1902,36.61,0.89,1204,59.87,5.19,171,Running
LOOM1903,32.79,0.52,1197,58.34,4.45,327,Running
LOOM1904,33.77,1.36,1182,60.46,4.56,387,Running
LOOM1905,33.5,1.48,1218,58.05,4.51,388,Running
LOOM1906,33.93,0.9,1191,59.78,4.22,54,Running
LOOM1907,34.8,1.95,1210,60.55,4.76,259,Running
LOOM1908,32.35,1.91,1197,61.59,4.75,82,Running
LOOM1909,34.64,0.89,1197,59.04,4.69,166,Running
LOOM1910,35.78,0.72,1219,60.62,4.43,385,Running
LOOM1911,32.23,1.53,1208,60.32,4.24,417,Running
LOOM1912,33.37,1.93,1196,61.9,4.22,482,Running
LOOM1913,37.14,1.03,1182,60.4,4.55,89,Running
LOOM1914,35.04,0.67,1184,58.95,4.53,240,Running
LOOM1915,36.97,1.52,1184,60.57,5.08,123,Running
LOOM1916,32.15,1.41,1203,59.34,4.61,383,Running
LOOM1917,34.25,1.91,1198,60.49,4.36,72,Running
LOOM1918,33.75,0.73,1217,58.1,4.81,463,Running
LOOM1919,33.88,1.57,1212,61.13,4.91,160,Running
LOOM1920,34.27,1.37,1189,59.52,5.2,90,Running
LOOM1921,37.73,1.94,1194,60.26,5.2,372,Running
LOOM1922,35.29,1.13,1187,61.39,4.73,76,Running
LOOM1923,35.64,1.49,1213,59.76,4.47,478,Running
LOOM1924,35.45,1.87,1201,58.97,4.97,235,Running
LOOM1925,33.39,0.97,1187,60.77,4.65,500,Running
LOOM1926,34.46,0.62,1215,60.02,5.11,384,Running
LOOM1927,34.9,0.85,1206,58.92,5.03,114,Running
LOOM1928,37.55,0.87,1206,60.7,4.87,360,Running
LOOM1929,33.56,0.93,1200,58.47,4.61,308,Running
LOOM1930,37.9,1.36,1220,61.53,4.4,142,Running
LOOM1931,37.26,0.52,1187,59.67,4.97,414,Running
LOOM1932,37.58,1.61,1188,61.48,5.03,62,Running
LOOM1933,36.14,1.98,1188,60.06,4.73,248,Running
LOOM1934,37.43,1.03,1205,60.79,4.44,200,Running
LOOM1935,32.71,1.85,1201,60.37,4.82,419,Running
LOOM1936,32.27,1.61,1202,61.8,5.11,372,Running
LOOM1937,34.7,1.75,1198,61.03,4.9,425,Running
LOOM1938,33.1,1.65,1212,58.34,5.1,353,Running
LOOM1939,35.56,1.51,1209,59.52,4.64,310,Running
LOOM1940,36.34,0.92,1186,58.93,4.69,74,Running
LOOM1941,35.38,1.85,1217,60.03,5.13,196,Running
LOOM1942,33.94,0.98,1191,61.81,4.24,426,Running
LOOM1943,37.29,1.6,1207,60.08,4.78,365,Running
LOOM1944,33.89,1.02,1190,58.47,4.47,274,Running
LOOM1945,33.34,0.75,1196,61.96,4.95,168,Running
LOOM1946,36.0,0.71,1193,60.21,4.71,136,Running
LOOM1947,32.16,1.85,1214,60.15,4.4,300,Running
LOOM1948,37.0,0.54,1193,59.13,5.15,268,Running
LOOM1949,36.39,1.28,1209,59.18,4.31,411,Running
LOOM1950,37.52,0.68,1207,59.97,4.29,120,Running
LOOM1951,37.96,1.6,1187,61.87,5.0,431,Running
LOOM1952,36.76,1.59,1200,58.63,4.54,282,Running
LOOM1953,35.78,1.27,1184,60.83,4.51,69,Running
LOOM1954,34.6,1.9,1213,59.27,5.04,388,Running
LOOM1955,37.03,1.44,1220,60.51,4.45,350,Running
LOOM1956,34.26,1.91,1192,59.06,4.35,466,Running
LOOM1957,33.12,1.25,1188,58.79,5.08,314,Running
LOOM1958,37.14,1.62,1180,59.74,4.69,362,Running
LOOM1959,33.25,0.77,1206,60.75,4.81,373,Running
LOOM1960,35.5,1.46,1210,60.12,5.15,499,Running
LOOM1961,33.8,0.85,1198,60.67,4.69,372,Running
LOOM1962,34.35,1.04,1210,59.18,4.42,436,Running
LOOM1963,36.58,1.13,1208,59.3,4.86,109,Running
LOOM1964,33.06,1.93,1187,59.39,4.6,115,Running
LOOM1965,36.64,1.23,1211,60.4,4.89,64,Running
LOOM1966,33.75,1.26,1206,58.24,4.97,183,Running
LOOM1967,36.05,1.12,1208,59.7,4.46,77,Running
LOOM1968,33.61,1.59,1201,60.55,4.25,279,Running
LOOM1969,34.46,1.36,1190,60.14,4.98,106,Running
LOOM1970,37.69,1.42,1201,58.52,4.74,419,Running
LOOM1971,32.13,1.07,1201,61.65,4.97,333,Running
LOOM1972,32.38,0.57,1193,59.45,4.4,130,Running
LOOM1973,37.03,1.09,1194,59.16,4.36,241,Running
LOOM1974,33.99,0.82,1195,61.76,4.24,60,Running
LOOM1975,36.53,1.29,1212,59.59,4.68,130,Running
LOOM1976,33.7,0.54,1220,61.09,4.45,189,Running
LOOM1977,36.5,1.72,1204,60.62,4.33,429,Running
LOOM1978,37.26,1.79,1184,58.3,4.92,440,Running
LOOM1979,36.4,0.53,1214,60.42,4.35,426,Running
LOOM1980,35.53,1.09,1218,61.44,4.98,267,Running
LOOM1981,35.07,0.54,1197,59.84,4.3,385,Running
LOOM1982,35.46,1.06,1207,58.37,5.17,337,Running
LOOM1983,33.67,0.93,1214,60.03,4.58,304,Running
LOOM1984,36.37,1.93,1214,60.86,4.65,345,Running
LOOM1985,37.85,1.1,1194,59.79,4.68,105,Running
LOOM1986,35.86,1.0,1220,61.9,4.3,136,Running
LOOM1987,33.25,1.91,1217,59.0,4.34,365,Running
LOOM1988,37.03,1.29,1216,61.04,4.26,302,Running
LOOM1989,33.51,0.97,1201,61.34,4.24,402,Running
LOOM1990,35.39,1.11,1180,59.07,4.41,337,Running
LOOM1991,36.77,1.32,1200,61.84,4.44,286,Running
LOOM1992,36.25,1.27,1185,61.68,4.63,89,Running
LOOM1993,34.25,1.64,1190,60.08,4.32,151,Running
LOOM1994,34.63,1.96,1182,61.54,4.7,370,Running
LOOM1995,36.82,1.23,1215,59.67,4.21,110,Running
LOOM1996,34.61,0.94,1197,60.09,4.82,240,Running
LOOM1997,35.38,0.75,1198,60.09,4.4,364,Running
LOOM1998,37.71,1.06,1218,59.0,4.66,219,Running
LOOM1999,37.56,1.58,1188,58.66,4.92,292,Running
LOOM2000,32.06,1.12,1189,59.88,5.19,52,Running
LOOM2001,40.56,2.56,1156,56.61,5.46,562,Maintenance
LOOM2002,42.12,3.78,1154,56.05,5.65,731,Maintenance
LOOM2003,40.72,2.04,1162,55.82,5.86,936,Maintenance
LOOM2004,41.92,2.92,1175,57.8,5.65,1156,Maintenance
LOOM2005,42.3,2.23,1159,55.31,5.37,682,Maintenance
LOOM2006,40.31,2.31,1183,56.76,5.81,838,Maintenance
LOOM2007,41.88,4.56,1167,57.9,5.79,1130,Maintenance
LOOM2008,42.34,3.42,1160,55.01,5.39,721,Maintenance
LOOM2009,39.46,4.41,1159,55.43,5.58,500,Maintenance
LOOM2010,40.62,4.69,1153,55.41,5.85,935,Maintenance
LOOM2011,42.32,2.98,1182,57.28,5.39,902,Maintenance
LOOM2012,40.89,3.16,1180,56.06,5.87,824,Maintenance
LOOM2013,41.65,4.65,1163,57.87,5.96,784,Maintenance
LOOM2014,42.56,4.52,1185,56.32,5.76,756,Maintenance
LOOM2015,42.43,3.67,1177,56.96,5.34,874,Maintenance
LOOM2016,43.28,4.31,1172,57.19,5.37,1073,Maintenance
LOOM2017,43.38,4.76,1162,56.15,5.34,510,Maintenance
LOOM2018,39.98,3.08,1162,55.02,5.45,596,Maintenance
LOOM2019,43.56,4.75,1182,57.76,5.69,534,Maintenance
LOOM2020,42.24,3.93,1175,55.13,5.76,759,Maintenance
LOOM2021,40.37,2.17,1151,57.59,5.94,1122,Maintenance
LOOM2022,42.16,3.47,1180,57.25,5.72,1058,Maintenance
LOOM2023,43.04,2.11,1151,56.84,5.77,681,Maintenance
LOOM2024,43.35,2.39,1176,57.5,5.3,954,Maintenance
LOOM2025,42.19,2.19,1156,57.57,5.42,698,Maintenance
LOOM2026,42.28,4.21,1171,57.51,5.88,824,Maintenance
LOOM2027,43.49,2.51,1173,56.55,5.95,912,Maintenance
LOOM2028,41.08,4.0,1153,55.19,5.86,1013,Maintenance
LOOM2029,39.74,2.8,1161,56.33,5.42,703,Maintenance
LOOM2030,42.44,3.23,1150,55.93,5.65,620,Maintenance
LOOM2031,40.71,3.7,1155,56.7,5.57,619,Maintenance
LOOM2032,43.59,2.55,1155,55.56,5.67,520,Maintenance
LOOM2033,42.83,4.37,1163,56.91,5.57,752,Maintenance
LOOM2034,40.54,4.04,1162,57.24,5.79,817,Maintenance
LOOM2035,39.27,4.12,1161,55.84,5.65,923,Maintenance
LOOM2036,40.13,2.56,1162,55.53,5.44,950,Maintenance
LOOM2037,40.32,3.47,1173,56.05,5.71,960,Maintenance
LOOM2038,43.15,4.06,1160,55.11,5.87,894,Maintenance
LOOM2039,39.78,3.71,1177,56.04,5.85,795,Maintenance
LOOM2040,40.04,4.1,1182,56.65,5.79,775,Maintenance
LOOM2041,39.45,4.32,1166,55.65,5.41,618,Maintenance
LOOM2042,41.59,3.89,1180,55.42,5.67,881,Maintenance
LOOM2043,41.82,3.97,1152,55.97,5.28,867,Maintenance
LOOM2044,43.35,2.02,1176,56.43,5.47,602,Maintenance
LOOM2045,39.94,3.07,1160,56.4,5.35,522,Maintenance
LOOM2046,41.2,3.85,1177,57.19,5.58,749,Maintenance
LOOM2047,40.26,3.12,1171,56.45,5.52,541,Maintenance
LOOM2048,43.85,4.63,1182,55.32,5.54,775,Maintenance
LOOM2049,43.77,3.2,1151,55.49,5.33,807,Maintenance
LOOM2050,43.43,4.9,1183,55.6,5.98,642,Maintenance
LOOM2051,39.65,3.0,1153,57.91,5.45,644,Maintenance
LOOM2052,43.01,3.38,1160,56.38,5.73,705,Maintenance
LOOM2053,43.41,2.9,1155,55.55,5.89,947,Maintenance
LOOM2054,39.45,2.73,1185,57.54,5.5,988,Maintenance
LOOM2055,39.8,2.3,1185,57.06,5.76,983,Maintenance
LOOM2056,42.34,4.49,1165,57.29,5.28,631,Maintenance
LOOM2057,40.59,4.81,1175,57.32,5.92,1190,Maintenance
LOOM2058,42.65,3.27,1175,56.6,5.48,1185,Maintenance
LOOM2059,42.7,3.76,1164,57.66,5.34,740,Maintenance
LOOM2060,40.85,3.02,1150,56.83,5.8,579,Maintenance
LOOM2061,42.23,2.41,1162,55.13,5.44,595,Maintenance
LOOM2062,40.7,3.96,1177,55.45,5.45,1191,Maintenance
LOOM2063,43.11,2.1,1176,55.54,5.52,1029,Maintenance
LOOM2064,43.17,3.39,1155,56.04,5.79,1171,Maintenance
LOOM2065,43.31,4.41,1150,55.48,5.3,1019,Maintenance
LOOM2066,40.92,3.36,1181,56.96,5.74,932,Maintenance
LOOM2067,42.86,2.91,1166,57.23,5.29,961,Maintenance
LOOM2068,41.51,4.34,1171,57.53,5.98,614,Maintenance
LOOM2069,42.93,4.94,1184,57.28,5.9,581,Maintenance
LOOM2070,39.75,3.01,1166,55.59,5.85,965,Maintenance
LOOM2071,41.17,3.39,1152,55.36,5.59,875,Maintenance
LOOM2072,39.25,3.8,1173,55.76,5.47,803,Maintenance
LOOM2073,42.83,2.07,1167,55.54,5.49,517,Maintenance
LOOM2074,41.23,2.89,1152,56.79,5.49,537,Maintenance
LOOM2075,41.66,3.19,1161,55.25,5.28,648,Maintenance
LOOM2076,42.16,3.29,1167,56.04,5.57,1132,Maintenance
LOOM2077,40.22,4.48,1183,56.71,5.23,834,Maintenance
LOOM2078,40.86,2.44,1156,56.15,5.98,580,Maintenance
LOOM2079,40.69,3.91,1169,56.27,5.22,763,Maintenance
LOOM2080,42.61,4.23,1155,57.51,5.55,619,Maintenance
LOOM2081,42.97,3.71,1169,56.85,5.63,749,Maintenance
LOOM2082,42.47,2.15,1180,55.65,5.95,781,Maintenance
LOOM2083,42.73,4.33,1167,56.5,5.24,908,Maintenance
LOOM2084,43.55,4.03,1167,55.02,5.37,924,Maintenance
LOOM2085,42.29,2.82,1179,56.8,5.98,825,Maintenance
LOOM2086,39.49,2.67,1170,55.66,5.69,1123,Maintenance
LOOM2087,43.13,3.76,1171,56.62,5.58,1071,Maintenance
LOOM2088,39.06,3.02,1172,57.47,5.32,1010,Maintenance
LOOM2089,40.05,4.09,1174,55.77,5.23,1085,Maintenance
LOOM2090,43.84,3.89,1185,57.95,5.27,1042,Maintenance
LOOM2091,40.85,2.88,1170,56.35,5.57,659,Maintenance
LOOM2092,42.12,2.5,1172,56.69,5.53,523,Maintenance
LOOM2093,42.76,2.85,1181,57.97,5.5,1050,Maintenance
LOOM2094,39.66,3.82,1157,55.29,5.37,613,Maintenance
LOOM2095,41.85,2.54,1160,57.3,5.99,910,Maintenance
LOOM2096,41.75,3.06,1163,56.25,5.68,827,Maintenance
LOOM2097,42.85,3.89,1170,56.51,5.63,730,Maintenance
LOOM2098,43.3,3.48,1179,55.86,5.94,660,Maintenance
LOOM2099,43.62,2.53,1168,55.01,5.86,975,Maintenance
LOOM2100,42.28,4.05,1156,56.15,5.72,928,Maintenance
LOOM2101,41.05,3.91,1164,55.42,5.7,582,Maintenance
LOOM2102,42.0,4.2,1151,55.98,5.4,1082,Maintenance
LOOM2103,42.13,4.05,1173,55.07,5.68,1169,Maintenance
LOOM2104,40.95,3.53,1162,57.55,5.33,877,Maintenance
LOOM2105,42.62,2.72,1180,57.81,5.94,830,Maintenance
LOOM2106,39.66,2.19,1151,55.62,5.57,750,Maintenance
LOOM2107,42.42,3.33,1165,57.39,5.98,1012,Maintenance
LOOM2108,42.21,4.41,1171,57.62,5.93,750,Maintenance
LOOM2109,41.31,4.89,1150,57.25,5.75,916,Maintenance
LOOM2110,43.34,4.99,1174,55.21,5.53,766,Maintenance
LOOM2111,43.42,3.61,1184,57.14,5.55,561,Maintenance
LOOM2112,40.46,3.2,1152,56.09,5.77,1023,Maintenance
LOOM2113,42.15,3.32,1157,55.31,5.88,1093,Maintenance
LOOM2114,42.77,2.34,1160,56.1,5.73,645,Maintenance
LOOM2115,43.56,4.39,1163,55.79,5.46,575,Maintenance
LOOM2116,41.29,4.13,1165,57.27,5.47,955,Maintenance
LOOM2117,40.65,3.35,1166,56.7,5.68,643,Maintenance
LOOM2118,39.74,2.87,1164,57.64,5.65,798,Maintenance
LOOM2119,40.53,4.15,1169,56.43,5.55,801,Maintenance
LOOM2120,39.77,4.42,1158,55.44,5.43,893,Maintenance
LOOM2121,40.29,2.68,1163,56.75,5.32,512,Maintenance
LOOM2122,40.3,4.16,1183,56.22,5.69,674,Maintenance
LOOM2123,43.86,3.93,1182,55.94,5.5,996,Maintenance
LOOM2124,42.24,4.61,1180,55.53,5.92,514,Maintenance
LOOM2125,42.34,2.19,1164,55.93,5.38,784,Maintenance
LOOM2126,42.04,4.19,1157,56.95,5.49,970,Maintenance
LOOM2127,41.85,3.92,1150,57.52,5.88,1036,Maintenance
LOOM2128,43.49,4.22,1173,56.99,5.52,601,Maintenance
LOOM2129,43.76,3.52,1167,56.66,5.63,1050,Maintenance
LOOM2130,43.36,4.91,1153,56.34,5.62,750,Maintenance
LOOM2131,40.28,4.22,1165,55.69,5.77,681,Maintenance
LOOM2132,39.2,3.83,1185,55.83,5.79,565,Maintenance
LOOM2133,43.53,2.4,1169,55.18,5.38,1099,Maintenance
LOOM2134,42.81,3.43,1156,56.61,5.83,826,Maintenance
LOOM2135,42.95,2.22,1180,55.35,5.27,702,Maintenance
LOOM2136,39.5,3.77,1181,55.9,5.21,940,Maintenance
LOOM2137,43.31,2.33,1178,57.33,5.36,1150,Maintenance
LOOM2138,42.07,3.37,1150,55.76,5.53,777,Maintenance
LOOM2139,41.46,2.53,1182,56.45,5.43,1160,Maintenance
LOOM2140,40.5,4.6,1165,56.02,5.74,1015,Maintenance
LOOM2141,40.54,3.32,1161,56.46,5.46,1021,Maintenance
LOOM2142,41.35,2.49,1154,57.28,5.74,596,Maintenance
LOOM2143,43.63,3.33,1184,57.47,5.35,611,Maintenance
LOOM2144,42.81,2.64,1182,55.92,5.81,983,Maintenance
LOOM2145,39.51,2.9,1163,56.71,5.32,660,Maintenance
LOOM2146,39.96,3.19,1160,57.56,5.69,660,Maintenance
LOOM2147,40.63,3.55,1180,56.96,5.83,775,Maintenance
LOOM2148,40.14,2.79,1169,56.11,5.44,862,Maintenance
LOOM2149,43.15,2.95,1169,56.28,5.51,927,Maintenance
LOOM2150,39.03,4.82,1153,57.91,5.48,643,Maintenance
LOOM2151,43.87,4.3,1151,57.46,5.36,1177,Maintenance
LOOM2152,42.58,2.88,1173,55.07,5.54,891,Maintenance
LOOM2153,40.63,3.68,1162,57.39,5.69,950,Maintenance
LOOM2154,43.28,2.32,1165,55.48,5.78,1107,Maintenance
LOOM2155,41.35,4.91,1152,57.34,5.51,998,Maintenance
LOOM2156,40.25,4.96,1174,55.18,5.24,850,Maintenance
LOOM2157,40.38,3.11,1168,55.33,5.31,575,Maintenance
LOOM2158,40.62,4.33,1176,57.47,5.9,1103,Maintenance
LOOM2159,40.49,2.6,1155,56.31,5.46,1059,Maintenance
LOOM2160,42.81,2.78,1183,57.45,5.75,643,Maintenance
LOOM2161,42.86,2.2,1170,57.87,5.49,956,Maintenance
LOOM2162,42.74,2.64,1170,56.4,5.57,841,Maintenance
LOOM2163,39.99,4.91,1166,55.77,5.8,523,Maintenance
LOOM2164,39.7,3.93,1177,56.19,5.59,549,Maintenance
LOOM2165,43.16,2.18,1182,56.12,5.65,532,Maintenance
LOOM2166,43.8,4.62,1170,57.37,5.59,1088,Maintenance
LOOM2167,40.67,2.2,1154,56.7,5.98,615,Maintenance
LOOM2168,41.66,4.4,1155,56.72,5.57,1165,Maintenance
LOOM2169,43.96,4.26,1177,57.45,5.57,655,Maintenance
LOOM2170,42.25,2.22,1171,56.36,5.82,942,Maintenance
LOOM2171,43.45,3.2,1168,55.02,5.86,519,Maintenance
LOOM2172,39.04,2.97,1159,55.78,5.38,1190,Maintenance
LOOM2173,42.84,3.6,1162,57.31,5.66,863,Maintenance
LOOM2174,43.47,4.14,1159,55.57,5.32,815,Maintenance
LOOM2175,39.91,2.08,1152,57.34,5.63,570,Maintenance
LOOM2176,40.64,2.95,1164,56.97,5.36,667,Maintenance
LOOM2177,41.12,2.81,1163,57.32,5.22,950,Maintenance
LOOM2178,39.62,4.84,1151,56.33,5.8,713,Maintenance
LOOM2179,40.9,3.34,1175,55.6,5.82,1104,Maintenance
LOOM2180,43.07,2.28,1161,56.52,5.66,1028,Maintenance
LOOM2181,39.61,4.27,1157,57.82,5.79,866,Maintenance
LOOM2182,42.75,2.95,1162,55.63,5.27,1019,Maintenance
LOOM2183,40.8,2.77,1157,57.83,5.21,889,Maintenance
LOOM2184,43.02,3.2,1156,56.06,5.96,566,Maintenance
LOOM2185,41.17,4.54,1169,55.69,5.76,1166,Maintenance
LOOM2186,42.22,3.17,1180,55.05,5.97,1162,Maintenance
LOOM2187,43.49,2.14,1165,55.53,5.21,1031,Maintenance
LOOM2188,39.78,4.09,1152,55.18,5.84,1176,Maintenance
LOOM2189,40.47,3.85,1160,56.26,5.34,1031,Maintenance
LOOM2190,43.83,4.23,1161,56.1,5.94,666,Maintenance
LOOM2191,39.15,2.61,1175,56.88,5.93,771,Maintenance
LOOM2192,42.11,2.09,1151,55.99,5.91,535,Maintenance
LOOM2193,42.67,2.43,1176,55.14,5.5,1112,Maintenance
LOOM2194,42.61,2.51,1156,55.04,5.92,594,Maintenance
LOOM2195,41.1,2.2,1180,56.39,5.53,1049,Maintenance
LOOM2196,41.2,4.57,1150,55.93,5.58,763,Maintenance
LOOM2197,39.64,3.97,1173,57.87,5.73,598,Maintenance
LOOM2198,41.39,4.25,1162,55.38,5.61,646,Maintenance
LOOM2199,40.13,2.25,1156,57.15,5.43,1129,Maintenance
LOOM2200,39.53,2.68,1161,57.19,5.44,973,Maintenance
LOOM2201,42.34,3.56,1167,57.28,5.31,932,Maintenance
LOOM2202,40.87,2.44,1152,57.24,5.84,1147,Maintenance
LOOM2203,39.24,2.59,1161,55.04,5.71,743,Maintenance
LOOM2204,39.81,2.97,1180,56.45,5.48,1143,Maintenance
LOOM2205,43.35,4.91,1175,56.36,5.37,1136,Maintenance
LOOM2206,40.31,3.32,1167,56.97,5.61,845,Maintenance
LOOM2207,40.69,4.68,1166,56.02,5.9,1062,Maintenance
LOOM2208,41.28,2.29,1171,57.29,5.41,874,Maintenance
LOOM2209,41.13,2.08,1184,55.38,5.38,968,Maintenance
LOOM2210,43.15,2.36,1168,55.38,5.48,963,Maintenance
LOOM2211,41.18,4.95,1155,57.9,5.98,686,Maintenance
LOOM2212,40.99,4.82,1182,55.58,5.87,727,Maintenance
LOOM2213,42.88,2.6,1172,56.58,5.82,1076,Maintenance
LOOM2214,43.3,3.58,1184,56.09,5.38,1043,Maintenance
LOOM2215,39.83,2.48,1160,56.9,5.89,731,Maintenance
LOOM2216,43.22,4.25,1159,56.62,5.96,934,Maintenance
LOOM2217,43.29,2.84,1175,55.89,5.92,931,Maintenance
LOOM2218,43.47,3.4,1158,57.16,5.44,576,Maintenance
LOOM2219,40.26,3.67,1169,55.63,5.79,1108,Maintenance
LOOM2220,43.8,2.18,1176,55.42,5.58,664,Maintenance
LOOM2221,42.82,4.42,1165,56.17,5.33,929,Maintenance
LOOM2222,40.95,2.58,1172,55.21,5.97,782,Maintenance
LOOM2223,39.7,3.2,1159,55.62,5.31,782,Maintenance
LOOM2224,42.8,2.03,1157,56.56,5.62,1143,Maintenance
LOOM2225,41.99,2.7,1178,55.9,5.3,1124,Maintenance
LOOM2226,41.27,2.21,1171,57.63,5.96,541,Maintenance
LOOM2227,40.91,4.67,1157,56.88,5.54,672,Maintenance
LOOM2228,43.38,4.07,1181,57.28,5.38,605,Maintenance
LOOM2229,39.44,4.2,1173,55.72,5.88,1006,Maintenance
LOOM2230,43.18,4.89,1176,55.17,5.28,786,Maintenance
LOOM2231,43.21,4.2,1166,56.92,5.46,1182,Maintenance
LOOM2232,43.18,4.95,1155,55.04,5.77,997,Maintenance
LOOM2233,40.21,3.48,1177,57.0,5.28,999,Maintenance
LOOM2234,41.8,4.51,1174,56.82,5.9,1183,Maintenance
LOOM2235,40.91,3.8,1156,56.73,5.29,744,Maintenance
LOOM2236,40.8,4.02,1176,57.45,5.77,540,Maintenance
LOOM2237,40.74,4.36,1179,56.72,5.62,908,Maintenance
LOOM2238,43.07,3.88,1177,57.01,5.22,1080,Maintenance
LOOM2239,39.9,3.89,1171,55.3,5.94,529,Maintenance
LOOM2240,42.65,4.55,1166,56.08,5.75,860,Maintenance
LOOM2241,43.87,2.75,1178,57.35,5.46,1150,Maintenance
LOOM2242,40.32,4.38,1163,56.68,5.89,1163,Maintenance
LOOM2243,40.61,3.2,1172,57.34,5.34,1011,Maintenance
LOOM2244,43.28,3.0,1184,57.22,5.87,733,Maintenance
LOOM2245,40.58,2.92,1155,56.92,5.45,1009,Maintenance
LOOM2246,42.2,4.27,1162,55.79,5.77,859,Maintenance
LOOM2247,40.69,3.31,1173,57.26,5.97,830,Maintenance
LOOM2248,39.08,2.57,1169,57.73,5.76,1073,Maintenance
LOOM2249,40.48,3.68,1161,56.19,5.76,703,Maintenance
LOOM2250,39.47,4.13,1175,57.56,5.32,848,Maintenance
LOOM2251,41.66,3.19,1174,55.31,5.96,800,Maintenance
LOOM2252,42.07,4.91,1170,58.0,5.55,541,Maintenance
LOOM2253,40.23,2.47,1167,55.08,5.38,724,Maintenance
LOOM2254,40.23,2.68,1163,55.44,5.44,521,Maintenance
LOOM2255,43.29,3.45,1178,56.24,5.64,1081,Maintenance
LOOM2256,39.96,2.56,1183,56.74,5.7,896,Maintenance
LOOM2257,42.73,4.12,1173,57.41,5.41,879,Maintenance
LOOM2258,40.82,4.78,1165,55.96,5.49,637,Maintenance
LOOM2259,40.61,4.48,1165,57.39,5.66,598,Maintenance
LOOM2260,43.91,4.35,1182,57.13,5.63,607,Maintenance
LOOM2261,43.04,3.81,1172,57.15,5.72,1067,Maintenance
LOOM2262,43.11,2.67,1167,56.72,5.24,1133,Maintenance
LOOM2263,41.19,3.77,1154,57.86,5.34,1073,Maintenance
LOOM2264,41.24,3.95,1172,56.43,5.77,565,Maintenance
LOOM2265,42.41,2.2,1167,56.71,5.96,528,Maintenance
LOOM2266,42.57,3.47,1158,57.96,5.37,962,Maintenance
LOOM2267,40.55,4.09,1169,55.99,5.66,1020,Maintenance
LOOM2268,43.73,2.43,1184,57.94,5.67,506,Maintenance
LOOM2269,43.85,2.16,1172,56.76,5.82,572,Maintenance
LOOM2270,42.07,3.59,1160,57.2,5.4,1115,Maintenance
LOOM2271,42.87,4.97,1161,55.09,5.94,622,Maintenance
LOOM2272,40.66,2.28,1175,56.72,5.96,896,Maintenance
LOOM2273,43.02,3.14,1180,55.42,5.47,598,Maintenance
LOOM2274,40.56,2.53,1177,57.64,5.6,688,Maintenance
LOOM2275,40.3,2.6,1172,57.96,5.71,847,Maintenance
LOOM2276,41.26,2.28,1166,55.06,5.68,1070,Maintenance
LOOM2277,39.3,3.12,1160,55.01,5.99,512,Maintenance
LOOM2278,39.02,3.15,1151,57.4,5.65,883,Maintenance
LOOM2279,43.3,4.87,1162,56.91,5.6,1048,Maintenance
LOOM2280,40.09,3.04,1159,56.8,5.66,951,Maintenance
LOOM2281,42.53,4.64,1161,56.52,5.85,955,Maintenance
LOOM2282,39.15,2.12,1184,57.66,5.83,623,Maintenance
LOOM2283,43.04,2.93,1168,55.32,5.75,1104,Maintenance
LOOM2284,41.59,4.7,1181,55.58,5.32,1127,Maintenance
LOOM2285,43.6,4.81,1185,57.5,5.83,619,Maintenance
LOOM2286,42.34,2.2,1165,56.1,5.39,1002,Maintenance
LOOM2287,39.94,3.21,1172,55.18,5.99,991,Maintenance
LOOM2288,43.05,4.73,1156,57.54,5.27,1170,Maintenance
LOOM2289,40.6,3.58,1184,56.57,5.81,1158,Maintenance
LOOM2290,40.0,2.96,1178,57.29,5.43,1141,Maintenance
LOOM2291,41.13,3.31,1155,56.47,5.59,829,Maintenance
LOOM2292,41.81,3.83,1169,56.49,5.83,794,Maintenance
LOOM2293,42.85,4.1,1183,57.49,5.35,591,Maintenance
LOOM2294,40.54,3.76,1184,55.52,5.45,549,Maintenance
LOOM2295,41.67,2.14,1169,56.15,5.48,1050,Maintenance
LOOM2296,39.26,4.48,1177,57.22,5.62,682,Maintenance
LOOM2297,41.54,4.04,1152,57.73,5.28,690,Maintenance
LOOM2298,43.46,4.14,1154,57.14,5.6,1084,Maintenance
LOOM2299,42.2,2.05,1174,55.62,5.75,797,Maintenance
LOOM2300,39.02,2.72,1171,57.95,5.99,733,Maintenance
LOOM2301,40.86,4.51,1152,55.47,5.68,1136,Maintenance
LOOM2302,42.34,4.65,1177,57.04,5.77,1141,Maintenance
LOOM2303,40.55,4.82,1167,56.23,5.21,923,Maintenance
LOOM2304,40.89,4.53,1162,57.45,5.59,1114,Maintenance
LOOM2305,39.05,4.08,1152,57.09,5.56,1178,Maintenance
LOOM2306,42.45,2.21,1157,55.35,5.92,1000,Maintenance
LOOM2307,39.33,3.61,1160,57.83,5.41,1197,Maintenance
LOOM2308,42.58,4.09,1168,56.61,5.43,1083,Maintenance
LOOM2309,40.31,4.28,1175,57.47,5.91,588,Maintenance
LOOM2310,41.77,3.49,1158,56.55,5.23,990,Maintenance
LOOM2311,39.55,2.69,1174,55.55,5.81,569,Maintenance
LOOM2312,40.21,3.85,1178,57.22,5.55,542,Maintenance
LOOM2313,42.31,3.51,1162,57.31,5.78,544,Maintenance
LOOM2314,41.84,4.85,1171,57.58,5.4,679,Maintenance
LOOM2315,40.75,2.6,1153,56.17,5.32,798,Maintenance
LOOM2316,41.53,2.68,1162,56.01,5.78,525,Maintenance
LOOM2317,43.36,2.21,1165,56.8,5.43,664,Maintenance
LOOM2318,39.72,4.89,1153,55.33,5.25,1030,Maintenance
LOOM2319,41.67,3.86,1160,57.17,5.46,539,Maintenance
LOOM2320,39.72,2.31,1164,55.02,5.2,559,Maintenance
LOOM2321,43.07,4.31,1157,57.57,5.81,536,Maintenance
LOOM2322,41.82,2.22,1180,57.81,5.72,789,Maintenance
LOOM2323,42.43,3.16,1165,57.05,5.69,853,Maintenance
LOOM2324,43.9,3.91,1180,57.76,5.32,1049,Maintenance
LOOM2325,43.4,2.67,1168,56.91,5.34,897,Maintenance
LOOM2326,44.0,4.65,1173,57.22,5.55,807,Maintenance
LOOM2327,39.72,3.38,1184,57.56,5.99,628,Maintenance
LOOM2328,43.2,3.06,1175,56.26,5.53,963,Maintenance
LOOM2329,41.22,3.17,1173,56.01,5.73,636,Maintenance
LOOM2330,42.62,2.62,1163,57.14,5.65,1175,Maintenance
LOOM2331,42.92,3.09,1179,56.64,5.81,918,Maintenance
LOOM2332,40.87,2.92,1175,55.42,5.29,1167,Maintenance
LOOM2333,41.26,4.71,1176,55.15,5.37,1064,Maintenance
LOOM2334,43.45,3.98,1183,56.3,5.95,524,Maintenance
LOOM2335,42.47,3.16,1161,55.82,5.8,1076,Maintenance
LOOM2336,42.85,3.92,1162,55.45,5.45,751,Maintenance
LOOM2337,43.34,2.39,1181,55.95,5.95,1127,Maintenance
LOOM2338,41.65,3.88,1152,57.03,5.83,587,Maintenance
LOOM2339,39.11,4.76,1153,55.99,5.27,865,Maintenance
LOOM2340,40.02,2.45,1163,55.92,5.25,1138,Maintenance
LOOM2341,43.55,3.75,1178,56.43,5.76,796,Maintenance
LOOM2342,40.52,4.41,1160,57.7,5.32,925,Maintenance
LOOM2343,39.59,4.73,1176,55.47,5.64,980,Maintenance
LOOM2344,42.5,2.84,1165,57.93,5.73,650,Maintenance
LOOM2345,43.55,2.29,1152,55.41,5.5,888,Maintenance
LOOM2346,41.38,4.3,1173,57.79,5.67,686,Maintenance
LOOM2347,41.24,2.06,1181,57.84,5.65,847,Maintenance
LOOM2348,43.94,4.66,1154,55.53,5.7,1193,Maintenance
LOOM2349,40.97,2.45,1162,57.88,5.46,585,Maintenance
LOOM2350,40.77,4.95,1181,55.05,5.91,927,Maintenance
LOOM2351,43.96,3.1,1166,55.58,5.42,1032,Maintenance
LOOM2352,43.52,2.07,1170,57.72,5.24,744,Maintenance
LOOM2353,42.5,2.79,1177,56.01,5.42,1172,Maintenance
LOOM2354,41.29,2.24,1185,55.09,5.9,1139,Maintenance
LOOM2355,39.05,3.72,1169,56.14,5.92,889,Maintenance
LOOM2356,40.94,4.09,1167,57.09,5.47,1024,Maintenance
LOOM2357,43.27,4.35,1176,57.12,5.31,854,Maintenance
LOOM2358,42.6,3.66,1181,55.84,5.27,960,Maintenance
LOOM2359,43.59,2.25,1170,57.58,5.92,523,Maintenance
LOOM2360,43.05,4.42,1156,55.73,5.34,566,Maintenance
LOOM2361,39.77,4.4,1155,57.59,5.21,513,Maintenance
LOOM2362,42.68,3.02,1154,55.47,5.7,971,Maintenance
LOOM2363,42.16,2.99,1156,56.84,5.24,642,Maintenance
LOOM2364,40.0,4.24,1155,55.56,5.77,593,Maintenance
LOOM2365,39.02,4.37,1164,55.63,5.77,896,Maintenance
LOOM2366,40.6,3.59,1180,57.45,5.77,1007,Maintenance
LOOM2367,42.03,2.56,1168,57.19,5.67,562,Maintenance
LOOM2368,41.21,3.52,1155,55.53,5.36,647,Maintenance
LOOM2369,43.39,3.73,1162,57.1,5.76,577,Maintenance
LOOM2370,39.94,4.55,1164,55.49,5.71,1106,Maintenance
LOOM2371,40.48,3.24,1168,55.65,5.4,853,Maintenance
LOOM2372,42.68,3.59,1166,55.84,5.33,563,Maintenance
LOOM2373,39.31,3.03,1153,56.86,5.85,581,Maintenance
LOOM2374,42.37,4.7,1178,55.04,5.8,590,Maintenance
LOOM2375,40.59,4.31,1173,57.09,5.68,567,Maintenance
LOOM2376,41.85,4.18,1170,56.35,5.79,991,Maintenance
LOOM2377,40.85,2.9,1181,55.94,6.0,694,Maintenance
LOOM2378,40.14,2.51,1172,56.23,5.9,832,Maintenance
LOOM2379,43.62,4.54,1175,56.39,5.92,963,Maintenance
LOOM2380,39.76,4.21,1174,56.26,5.22,642,Maintenance
LOOM2381,42.94,3.14,1159,56.2,5.21,1177,Maintenance
LOOM2382,43.53,2.45,1161,55.65,5.21,983,Maintenance
LOOM2383,39.75,3.01,1151,56.49,5.33,1062,Maintenance
LOOM2384,40.39,2.57,1181,56.3,5.96,663,Maintenance
LOOM2385,41.44,4.0,1172,57.88,5.25,831,Maintenance
LOOM2386,42.53,3.82,1159,55.71,5.95,721,Maintenance
LOOM2387,41.08,2.04,1169,56.89,5.47,818,Maintenance
LOOM2388,42.42,3.29,1157,56.8,5.62,849,Maintenance
LOOM2389,42.62,4.42,1158,56.11,5.98,564,Maintenance
LOOM2390,39.09,3.11,1165,55.63,5.46,739,Maintenance
LOOM2391,43.55,4.71,1180,57.36,5.64,1091,Maintenance
LOOM2392,42.97,4.09,1158,57.9,5.83,1086,Maintenance
LOOM2393,43.86,2.69,1165,57.44,5.4,1076,Maintenance
LOOM2394,41.35,2.06,1182,57.64,5.51,651,Maintenance
LOOM2395,42.12,2.24,1181,56.39,5.92,772,Maintenance
LOOM2396,39.33,3.17,1162,57.37,5.42,646,Maintenance
LOOM2397,40.82,4.33,1180,55.74,5.71,835,Maintenance
LOOM2398,40.78,3.86,1185,55.44,5.42,827,Maintenance
LOOM2399,41.42,2.94,1184,55.6,5.85,692,Maintenance
LOOM2400,43.79,3.79,1157,55.89,5.25,699,Maintenance
LOOM2401,41.62,3.51,1165,57.37,5.54,511,Maintenance
LOOM2402,40.49,2.61,1168,55.08,5.72,931,Maintenance
LOOM2403,39.39,3.39,1159,56.34,5.51,660,Maintenance
LOOM2404,41.97,4.28,1156,57.81,5.56,702,Maintenance
LOOM2405,42.53,3.36,1160,56.76,5.46,517,Maintenance
LOOM2406,39.62,4.6,1185,56.43,5.31,884,Maintenance
LOOM2407,41.75,3.89,1170,56.19,5.46,535,Maintenance
LOOM2408,42.22,2.97,1152,57.65,5.24,635,Maintenance
LOOM2409,41.48,4.78,1158,55.45,5.62,740,Maintenance
LOOM2410,39.46,3.08,1172,56.01,5.53,571,Maintenance
LOOM2411,41.46,3.64,1183,56.25,5.83,658,Maintenance
LOOM2412,41.74,2.27,1163,56.35,5.29,767,Maintenance
LOOM2413,40.14,2.17,1185,55.07,5.71,730,Maintenance
LOOM2414,41.39,2.13,1164,57.85,5.96,640,Maintenance
LOOM2415,41.5,2.97,1175,55.06,5.81,1004,Maintenance
LOOM2416,39.12,4.14,1176,56.65,5.23,1103,Maintenance
LOOM2417,39.18,2.69,1181,55.02,5.76,1095,Maintenance
LOOM2418,43.41,3.53,1160,56.19,5.32,507,Maintenance
LOOM2419,43.58,4.23,1168,55.8,5.5,897,Maintenance
LOOM2420,39.8,2.6,1166,56.0,5.46,766,Maintenance
LOOM2421,40.96,3.95,1178,55.09,5.68,1167,Maintenance
LOOM2422,42.36,4.31,1163,55.55,5.23,609,Maintenance
LOOM2423,42.71,4.62,1162,57.28,5.79,805,Maintenance
LOOM2424,43.16,4.02,1169,56.08,5.24,1141,Maintenance
LOOM2425,40.15,4.67,1166,55.65,5.22,512,Maintenance
LOOM2426,40.08,2.54,1171,55.62,5.96,897,Maintenance
LOOM2427,42.6,3.37,1175,56.81,5.33,1003,Maintenance
LOOM2428,41.4,3.79,1165,55.23,5.29,500,Maintenance
LOOM2429,43.26,3.86,1150,57.84,5.94,810,Maintenance
LOOM2430,41.23,4.19,1160,55.29,5.49,1161,Maintenance
LOOM2431,39.95,3.27,1173,55.23,5.53,522,Maintenance
LOOM2432,40.49,2.1,1157,55.91,5.41,709,Maintenance
LOOM2433,39.6,3.91,1151,57.64,5.95,678,Maintenance
LOOM2434,39.07,2.26,1165,56.37,5.91,1070,Maintenance
LOOM2435,40.37,2.07,1180,55.19,5.75,720,Maintenance
LOOM2436,39.33,4.03,1151,55.11,5.55,976,Maintenance
LOOM2437,41.06,4.92,1152,56.97,5.97,787,Maintenance
LOOM2438,42.55,4.16,1162,57.41,5.22,778,Maintenance
LOOM2439,43.82,2.56,1178,57.43,6.0,545,Maintenance
LOOM2440,43.37,4.51,1177,56.68,5.76,737,Maintenance
LOOM2441,42.58,4.23,1168,56.09,5.68,967,Maintenance
LOOM2442,43.1,3.63,1173,56.98,5.5,1064,Maintenance
LOOM2443,41.7,2.96,1172,56.22,5.66,881,Maintenance
LOOM2444,41.34,3.04,1168,55.44,5.74,1006,Maintenance
LOOM2445,42.38,3.22,1177,55.26,5.4,640,Maintenance
LOOM2446,40.66,3.08,1179,56.35,5.63,1196,Maintenance
LOOM2447,39.82,2.13,1182,57.75,5.99,648,Maintenance
LOOM2448,41.99,3.62,1160,57.55,5.66,710,Maintenance
LOOM2449,43.12,3.19,1176,57.64,5.99,1057,Maintenance
LOOM2450,39.21,2.31,1150,55.76,5.64,668,Maintenance
LOOM2451,42.7,4.05,1171,56.47,5.46,882,Maintenance
LOOM2452,41.74,3.18,1175,55.66,5.48,917,Maintenance
LOOM2453,42.44,4.96,1164,56.92,5.56,692,Maintenance
LOOM2454,42.58,4.68,1182,57.4,5.6,573,Maintenance
LOOM2455,42.47,2.92,1175,55.91,5.37,1153,Maintenance
LOOM2456,39.48,4.44,1151,55.05,5.44,712,Maintenance
LOOM2457,39.93,4.33,1154,55.2,5.56,621,Maintenance
LOOM2458,41.11,3.07,1175,55.03,5.68,851,Maintenance
LOOM2459,40.94,2.63,1177,56.86,5.94,1150,Maintenance
LOOM2460,42.07,2.13,1181,57.93,5.6,859,Maintenance
LOOM2461,39.16,4.1,1174,57.26,5.82,932,Maintenance
LOOM2462,42.44,3.86,1172,57.85,5.75,527,Maintenance
LOOM2463,40.9,4.89,1155,56.42,5.63,584,Maintenance
LOOM2464,40.23,4.49,1156,56.36,5.8,747,Maintenance
LOOM2465,42.02,3.41,1170,55.93,5.82,962,Maintenance
LOOM2466,40.08,3.23,1150,57.05,5.67,1191,Maintenance
LOOM2467,42.9,4.81,1178,55.21,5.34,781,Maintenance
LOOM2468,42.49,3.16,1184,56.96,5.24,1099,Maintenance
LOOM2469,39.59,3.55,1161,57.71,5.43,666,Maintenance
LOOM2470,39.2,3.8,1177,55.33,5.32,578,Maintenance
LOOM2471,40.0,3.46,1150,56.16,5.8,1169,Maintenance
LOOM2472,43.53,4.32,1152,55.91,5.38,1199,Maintenance
LOOM2473,41.92,3.48,1178,57.43,5.96,618,Maintenance
LOOM2474,39.51,2.42,1151,56.31,5.49,940,Maintenance
LOOM2475,39.1,3.58,1173,56.9,5.29,985,Maintenance
LOOM2476,39.17,3.31,1177,55.2,5.27,1180,Maintenance
LOOM2477,40.79,3.2,1165,57.72,5.9,623,Maintenance
LOOM2478,39.12,2.26,1161,56.99,5.56,1059,Maintenance
LOOM2479,40.87,2.79,1154,57.91,5.73,1096,Maintenance
LOOM2480,41.07,3.68,1164,55.61,5.44,900,Maintenance
LOOM2481,39.06,2.18,1150,55.34,5.73,1099,Maintenance
LOOM2482,41.65,2.91,1158,55.96,5.39,991,Maintenance
LOOM2483,43.01,2.57,1180,56.43,5.37,676,Maintenance
LOOM2484,40.94,3.9,1184,57.58,5.26,1183,Maintenance
LOOM2485,39.63,3.53,1154,56.43,5.99,574,Maintenance
LOOM2486,41.83,2.74,1176,57.52,5.49,730,Maintenance
LOOM2487,43.14,3.22,1177,55.13,5.46,904,Maintenance
LOOM2488,39.14,4.01,1173,56.17,5.69,730,Maintenance
LOOM2489,42.74,2.38,1182,57.67,5.72,1150,Maintenance
LOOM2490,39.79,3.8,1168,56.49,5.26,1114,Maintenance
LOOM2491,39.15,2.2,1155,57.11,5.82,1156,Maintenance
LOOM2492,39.2,2.83,1167,56.39,5.85,849,Maintenance
LOOM2493,40.52,3.61,1170,57.76,5.88,981,Maintenance
LOOM2494,41.56,3.16,1185,57.77,5.68,1176,Maintenance
LOOM2495,42.93,2.41,1171,55.27,5.59,850,Maintenance
LOOM2496,41.66,3.85,1154,55.75,5.41,777,Maintenance
LOOM2497,43.37,3.78,1164,55.94,5.92,745,Maintenance
LOOM2498,41.83,3.05,1169,55.58,5.47,1192,Maintenance
LOOM2499,41.06,2.79,1177,57.01,5.35,1127,Maintenance
LOOM2500,43.45,2.42,1168,55.57,5.75,1055,Maintenance
LOOM2501,41.76,2.61,1179,56.75,5.34,798,Maintenance
LOOM2502,42.19,2.62,1171,55.55,5.72,1008,Maintenance
LOOM2503,40.87,3.17,1167,57.8,5.57,849,Maintenance
LOOM2504,39.73,3.82,1166,55.37,5.5,1063,Maintenance
LOOM2505,43.92,2.01,1162,57.44,5.4,1006,Maintenance
LOOM2506,41.27,4.97,1167,56.53,5.54,772,Maintenance
LOOM2507,39.25,3.28,1181,56.79,5.58,896,Maintenance
LOOM2508,40.57,2.42,1157,56.08,5.84,555,Maintenance
LOOM2509,39.21,2.21,1156,56.65,5.41,598,Maintenance
LOOM2510,43.63,4.06,1163,55.12,5.73,561,Maintenance
LOOM2511,39.05,3.01,1167,55.85,5.39,725,Maintenance
LOOM2512,42.09,3.71,1167,57.78,5.48,742,Maintenance
LOOM2513,39.76,3.66,1170,57.29,5.34,892,Maintenance
LOOM2514,40.02,3.85,1160,55.27,5.79,776,Maintenance
LOOM2515,43.05,2.37,1165,57.54,5.38,970,Maintenance
LOOM2516,42.05,4.68,1164,55.84,5.2,1187,Maintenance
LOOM2517,40.54,3.74,1174,56.34,5.39,583,Maintenance
LOOM2518,41.04,3.33,1159,57.22,5.51,1129,Maintenance
LOOM2519,42.75,2.07,1167,55.62,5.74,947,Maintenance
LOOM2520,42.95,3.57,1170,55.06,5.61,897,Maintenance
LOOM2521,43.19,3.82,1173,55.43,5.26,1199,Maintenance
LOOM2522,40.89,4.36,1163,55.65,5.48,780,Maintenance
LOOM2523,40.24,2.87,1164,56.14,5.9,524,Maintenance
LOOM2524,42.43,3.69,1154,56.36,5.84,898,Maintenance
LOOM2525,41.86,3.08,1151,56.47,5.78,934,Maintenance
LOOM2526,39.45,2.76,1164,55.81,5.93,766,Maintenance
LOOM2527,41.39,2.51,1183,56.8,5.85,537,Maintenance
LOOM2528,43.9,3.09,1164,55.27,5.93,594,Maintenance
LOOM2529,42.08,3.66,1166,55.24,5.95,963,Maintenance
LOOM2530,39.75,2.42,1177,55.84,5.93,734,Maintenance
LOOM2531,41.05,2.5,1154,55.7,5.27,553,Maintenance
LOOM2532,41.86,4.35,1161,55.86,5.58,933,Maintenance
LOOM2533,43.47,2.71,1162,56.81,5.26,603,Maintenance
LOOM2534,40.35,4.35,1184,55.37,5.57,877,Maintenance
LOOM2535,42.62,2.46,1161,55.74,5.21,675,Maintenance
LOOM2536,42.83,3.54,1151,56.5,5.92,903,Maintenance
LOOM2537,39.67,2.15,1159,57.54,5.39,1123,Maintenance
LOOM2538,43.17,3.72,1167,56.39,5.56,612,Maintenance
LOOM2539,42.57,2.49,1152,55.2,5.5,500,Maintenance
LOOM2540,40.44,3.59,1181,57.03,5.52,1054,Maintenance
LOOM2541,42.63,4.67,1179,57.89,5.95,862,Maintenance
LOOM2542,42.93,3.73,1175,57.25,5.62,917,Maintenance
LOOM2543,39.83,4.57,1158,57.41,5.37,1114,Maintenance
LOOM2544,43.97,4.53,1157,56.81,5.53,884,Maintenance
LOOM2545,40.5,2.07,1181,55.6,5.21,945,Maintenance
LOOM2546,42.88,4.25,1178,57.6,5.83,643,Maintenance
LOOM2547,42.25,2.91,1165,55.43,5.92,949,Maintenance
LOOM2548,40.26,3.2,1179,56.11,5.36,633,Maintenance
LOOM2549,41.08,2.15,1159,57.69,5.94,802,Maintenance
LOOM2550,40.87,3.05,1174,57.66,5.9,579,Maintenance
LOOM2551,41.99,3.06,1182,56.65,5.23,990,Maintenance
LOOM2552,39.34,2.99,1169,57.77,5.33,603,Maintenance
LOOM2553,39.73,4.13,1167,55.18,5.61,1145,Maintenance
LOOM2554,41.61,2.07,1175,56.0,5.69,855,Maintenance
LOOM2555,42.11,2.85,1153,57.4,5.67,948,Maintenance
LOOM2556,42.79,3.3,1182,55.11,5.82,1079,Maintenance
LOOM2557,41.53,5.0,1159,57.8,5.5,1176,Maintenance
LOOM2558,42.57,4.19,1167,55.43,5.81,701,Maintenance
LOOM2559,39.47,3.15,1175,55.66,5.24,512,Maintenance
LOOM2560,43.77,2.58,1162,56.25,5.86,655,Maintenance
LOOM2561,41.13,3.7,1163,55.0,5.25,538,Maintenance
LOOM2562,40.33,3.45,1154,55.66,5.93,669,Maintenance
LOOM2563,43.62,3.48,1155,57.01,5.85,850,Maintenance
LOOM2564,42.08,4.94,1180,57.87,5.41,1071,Maintenance
LOOM2565,41.74,4.7,1171,56.89,5.46,659,Maintenance
LOOM2566,42.34,4.51,1183,57.05,5.84,751,Maintenance
LOOM2567,40.13,2.07,1180,55.82,5.95,807,Maintenance
LOOM2568,41.49,4.17,1175,55.15,5.67,763,Maintenance
LOOM2569,39.53,2.44,1164,57.53,5.38,754,Maintenance
LOOM2570,41.32,2.46,1156,57.09,5.6,922,Maintenance
LOOM2571,42.71,3.26,1171,55.9,5.39,1138,Maintenance
LOOM2572,41.41,4.79,1154,57.32,5.94,558,Maintenance
LOOM2573,41.18,4.45,1159,56.24,5.98,841,Maintenance
LOOM2574,43.69,2.35,1165,56.46,6.0,905,Maintenance
LOOM2575,41.94,3.22,1165,55.86,5.69,668,Maintenance
LOOM2576,40.68,3.79,1174,57.56,5.28,584,Maintenance
LOOM2577,42.98,2.03,1184,56.29,5.92,1163,Maintenance
LOOM2578,39.76,2.15,1180,55.53,5.31,875,Maintenance
LOOM2579,42.39,4.75,1172,57.0,5.27,669,Maintenance
LOOM2580,43.46,2.99,1152,57.99,5.27,540,Maintenance
LOOM2581,42.07,4.46,1162,57.37,5.92,1002,Maintenance
LOOM2582,39.54,3.78,1183,55.22,5.69,641,Maintenance
LOOM2583,39.32,3.82,1166,55.47,5.82,1027,Maintenance
LOOM2584,39.48,3.82,1168,55.1,5.88,1180,Maintenance
LOOM2585,39.81,3.42,1178,56.08,5.61,800,Maintenance
LOOM2586,42.27,4.44,1176,57.42,5.39,816,Maintenance
LOOM2587,42.33,2.63,1179,55.45,5.32,581,Maintenance
LOOM2588,39.29,4.63,1159,55.32,5.56,652,Maintenance
LOOM2589,42.61,2.85,1171,57.06,5.66,993,Maintenance
LOOM2590,41.18,2.37,1185,57.19,5.44,714,Maintenance
LOOM2591,43.48,3.97,1173,55.47,5.35,567,Maintenance
LOOM2592,39.24,4.52,1166,56.17,5.85,974,Maintenance
LOOM2593,42.29,3.19,1170,56.35,5.85,932,Maintenance
LOOM2594,42.29,4.87,1161,55.02,5.83,756,Maintenance
LOOM2595,41.08,3.46,1171,55.44,5.91,745,Maintenance
LOOM2596,41.56,3.49,1167,57.72,5.78,927,Maintenance
LOOM2597,39.19,2.03,1173,57.13,5.84,881,Maintenance
LOOM2598,40.69,2.31,1182,55.61,5.32,1196,Maintenance
LOOM2599,42.29,4.21,1182,55.82,5.51,1041,Maintenance
LOOM2600,43.97,3.84,1162,56.3,5.96,540,Maintenance
LOOM2601,41.27,4.16,1185,55.87,6.0,967,Maintenance
LOOM2602,39.22,3.0,1176,56.77,5.97,564,Maintenance
LOOM2603,41.37,4.63,1179,57.74,5.69,736,Maintenance
LOOM2604,43.62,4.5,1164,56.35,5.44,1167,Maintenance
LOOM2605,43.26,4.45,1166,56.18,5.2,734,Maintenance
LOOM2606,39.2,4.86,1178,55.72,5.2,548,Maintenance
LOOM2607,43.79,4.41,1167,56.61,5.92,926,Maintenance
LOOM2608,39.08,4.61,1169,57.31,5.73,1008,Maintenance
LOOM2609,43.94,2.64,1185,55.86,5.29,740,Maintenance
LOOM2610,43.63,3.17,1171,55.53,5.72,514,Maintenance
LOOM2611,42.43,2.24,1165,57.84,5.22,632,Maintenance
LOOM2612,43.66,4.19,1160,56.97,5.74,925,Maintenance
LOOM2613,39.81,3.28,1160,56.08,5.81,795,Maintenance
LOOM2614,40.55,3.63,1185,56.92,5.26,659,Maintenance
LOOM2615,43.37,4.56,1150,57.86,5.25,776,Maintenance
LOOM2616,43.83,2.34,1178,56.01,5.6,1047,Maintenance
LOOM2617,41.33,2.37,1167,57.36,5.49,594,Maintenance
LOOM2618,40.77,3.16,1162,56.64,5.4,518,Maintenance
LOOM2619,43.55,3.86,1155,57.98,5.33,850,Maintenance
LOOM2620,39.8,4.45,1184,55.58,5.99,1146,Maintenance
LOOM2621,40.76,3.02,1174,57.38,5.55,1024,Maintenance
LOOM2622,42.88,3.21,1160,55.57,5.71,1100,Maintenance
LOOM2623,42.74,2.2,1164,57.5,5.95,1006,Maintenance
LOOM2624,41.79,3.37,1170,56.93,5.36,542,Maintenance
LOOM2625,39.18,2.56,1172,55.05,5.73,881,Maintenance
LOOM2626,42.24,3.25,1150,57.91,5.89,587,Maintenance
LOOM2627,39.67,2.29,1183,56.68,5.29,639,Maintenance
LOOM2628,41.37,3.66,1185,57.18,5.47,1139,Maintenance
LOOM2629,43.05,4.36,1170,55.74,5.63,935,Maintenance
LOOM2630,40.47,4.58,1153,57.82,5.73,640,Maintenance
LOOM2631,42.48,4.45,1159,55.84,5.88,576,Maintenance
LOOM2632,43.88,3.09,1181,55.93,5.44,523,Maintenance
LOOM2633,39.13,2.86,1161,57.14,5.9,1037,Maintenance
LOOM2634,42.01,4.55,1173,55.34,5.98,841,Maintenance
LOOM2635,40.59,2.37,1163,56.75,5.26,550,Maintenance
LOOM2636,40.38,4.52,1185,57.26,5.93,581,Maintenance
LOOM2637,43.06,3.65,1184,55.89,5.64,804,Maintenance
LOOM2638,39.5,3.21,1152,55.94,5.9,595,Maintenance
LOOM2639,42.29,2.81,1153,55.41,5.28,1102,Maintenance
LOOM2640,39.02,4.67,1152,56.41,5.49,1054,Maintenance
LOOM2641,39.53,2.48,1185,57.69,5.4,842,Maintenance
LOOM2642,39.84,3.95,1156,56.89,5.21,723,Maintenance
LOOM2643,42.64,2.38,1182,55.72,5.53,1197,Maintenance
LOOM2644,41.61,2.82,1162,56.48,5.39,940,Maintenance
LOOM2645,40.06,4.0,1162,57.48,5.43,639,Maintenance
LOOM2646,41.02,3.77,1168,55.81,5.69,627,Maintenance
LOOM2647,42.53,2.76,1181,55.0,5.29,1104,Maintenance
LOOM2648,39.96,2.76,1158,56.73,5.85,1094,Maintenance
LOOM2649,39.6,4.01,1158,57.13,5.38,755,Maintenance
LOOM2650,42.72,4.19,1175,55.4,5.37,615,Maintenance
LOOM2651,41.87,3.96,1157,57.49,5.21,609,Maintenance
LOOM2652,40.71,3.34,1159,57.17,5.83,877,Maintenance
LOOM2653,40.63,3.23,1183,57.04,5.55,706,Maintenance
LOOM2654,43.29,2.44,1174,56.06,5.9,1178,Maintenance
LOOM2655,40.21,3.47,1167,56.31,5.4,943,Maintenance
LOOM2656,41.32,2.18,1153,57.24,5.62,708,Maintenance
LOOM2657,41.07,4.64,1159,55.85,5.34,514,Maintenance
LOOM2658,41.37,4.29,1154,56.76,5.48,1159,Maintenance
LOOM2659,40.12,2.6,1167,57.52,5.97,776,Maintenance
LOOM2660,39.8,2.66,1158,55.05,5.39,997,Maintenance
LOOM2661,40.92,4.96,1185,56.53,5.95,612,Maintenance
LOOM2662,40.34,3.11,1166,57.07,5.42,1174,Maintenance
LOOM2663,41.58,2.93,1175,55.06,5.65,609,Maintenance
LOOM2664,40.21,2.85,1165,57.27,5.73,1069,Maintenance
LOOM2665,43.28,3.72,1183,57.77,5.7,1041,Maintenance
LOOM2666,39.02,4.88,1170,57.31,5.82,929,Maintenance
LOOM2667,41.84,2.0,1162,55.56,5.79,935,Maintenance
LOOM2668,40.26,4.41,1162,56.89,5.74,1116,Maintenance
LOOM2669,41.83,3.07,1174,56.42,5.36,750,Maintenance
LOOM2670,40.62,4.57,1172,56.41,5.39,841,Maintenance
LOOM2671,41.47,3.29,1185,55.05,5.26,1078,Maintenance
LOOM2672,43.48,2.69,1152,55.61,5.53,574,Maintenance
LOOM2673,39.51,4.97,1185,56.32,5.31,719,Maintenance
LOOM2674,40.09,2.29,1166,55.04,5.67,623,Maintenance
LOOM2675,43.96,3.93,1178,57.68,5.27,742,Maintenance
LOOM2676,42.06,2.28,1166,57.37,5.63,1144,Maintenance
LOOM2677,43.69,2.72,1180,57.07,5.63,1173,Maintenance
LOOM2678,42.79,4.19,1181,57.45,5.37,921,Maintenance
LOOM2679,43.44,2.3,1182,56.75,5.94,784,Maintenance
LOOM2680,39.0,4.09,1172,57.26,5.65,668,Maintenance
LOOM2681,39.13,2.29,1151,57.0,5.35,660,Maintenance
LOOM2682,40.17,2.14,1161,55.59,5.37,635,Maintenance
LOOM2683,40.47,2.18,1178,55.68,5.31,620,Maintenance
LOOM2684,42.63,4.17,1173,56.88,5.9,806,Maintenance
LOOM2685,43.17,3.3,1154,57.5,5.33,887,Maintenance
LOOM2686,39.04,3.12,1184,55.53,5.87,930,Maintenance
LOOM2687,39.54,4.29,1163,55.22,5.53,945,Maintenance
LOOM2688,40.15,4.44,1167,57.14,5.77,1193,Maintenance
LOOM2689,41.65,4.7,1171,57.66,5.33,1108,Maintenance
LOOM2690,41.66,3.7,1178,56.27,5.69,955,Maintenance
LOOM2691,40.4,2.78,1163,57.78,5.84,520,Maintenance
LOOM2692,39.98,2.89,1184,56.39,5.27,1095,Maintenance
LOOM2693,39.58,4.08,1153,55.69,5.76,615,Maintenance
LOOM2694,41.8,3.18,1158,55.16,5.34,737,Maintenance
LOOM2695,42.99,2.72,1153,56.53,5.69,575,Maintenance
LOOM2696,40.21,3.66,1171,56.58,5.27,767,Maintenance
LOOM2697,40.66,2.41,1161,55.13,5.59,710,Maintenance
LOOM2698,39.7,4.37,1155,56.55,5.7,573,Maintenance
LOOM2699,41.11,3.9,1155,57.21,5.46,668,Maintenance
LOOM2700,42.41,4.98,1171,55.09,5.81,527,Maintenance
LOOM2701,42.88,4.07,1151,55.25,5.33,1152,Maintenance
LOOM2702,41.93,2.25,1162,56.44,5.84,949,Maintenance
LOOM2703,42.92,3.62,1173,55.17,5.7,1119,Maintenance
LOOM2704,39.13,2.45,1172,55.94,5.74,1016,Maintenance
LOOM2705,42.23,4.26,1166,55.48,5.64,651,Maintenance
LOOM2706,42.0,3.73,1180,55.86,5.62,578,Maintenance
LOOM2707,39.75,4.47,1168,56.5,5.83,821,Maintenance
LOOM2708,40.9,2.12,1177,56.4,5.24,550,Maintenance
LOOM2709,39.01,2.78,1165,56.13,5.71,590,Maintenance
LOOM2710,40.81,3.55,1183,55.45,5.5,625,Maintenance
LOOM2711,40.18,2.45,1167,56.54,5.99,878,Maintenance
LOOM2712,42.31,3.1,1160,57.36,5.5,542,Maintenance
LOOM2713,41.76,2.12,1180,55.16,5.37,920,Maintenance
LOOM2714,42.01,3.84,1179,56.85,5.83,517,Maintenance
LOOM2715,42.86,4.34,1183,55.55,5.25,774,Maintenance
LOOM2716,43.01,4.78,1175,55.76,5.62,1069,Maintenance
LOOM2717,43.58,4.22,1166,56.88,5.41,1159,Maintenance
LOOM2718,39.89,4.85,1181,57.64,5.4,698,Maintenance
LOOM2719,40.89,4.29,1183,56.94,5.52,748,Maintenance
LOOM2720,39.77,2.2,1175,56.86,5.44,674,Maintenance
LOOM2721,41.61,3.94,1169,56.22,5.33,748,Maintenance
LOOM2722,43.4,4.27,1158,56.1,5.78,1041,Maintenance
LOOM2723,41.15,2.31,1166,55.25,5.9,899,Maintenance
LOOM2724,40.46,4.95,1174,55.47,5.96,882,Maintenance
LOOM2725,42.79,4.6,1152,55.56,5.83,1191,Maintenance
LOOM2726,40.85,3.63,1161,55.88,5.97,523,Maintenance
LOOM2727,42.34,3.41,1169,56.23,5.42,797,Maintenance
LOOM2728,41.56,4.88,1183,56.52,5.93,731,Maintenance
LOOM2729,42.65,3.11,1185,57.09,5.61,782,Maintenance
LOOM2730,40.66,4.92,1179,56.83,5.76,1189,Maintenance
LOOM2731,42.44,2.11,1153,57.98,5.43,709,Maintenance
LOOM2732,43.58,2.63,1172,55.58,5.62,1101,Maintenance
LOOM2733,40.58,4.13,1175,57.19,5.85,604,Maintenance
LOOM2734,39.45,4.13,1179,56.58,5.78,626,Maintenance
LOOM2735,41.72,3.82,1162,55.72,5.27,1195,Maintenance
LOOM2736,39.99,2.65,1175,56.93,6.0,540,Maintenance
LOOM2737,43.41,4.56,1154,57.87,5.93,1126,Maintenance
LOOM2738,42.81,3.49,1170,57.97,5.28,1012,Maintenance
LOOM2739,43.29,4.34,1183,57.68,5.21,689,Maintenance
LOOM2740,40.04,2.08,1151,56.76,5.47,924,Maintenance
LOOM2741,39.56,2.38,1183,57.77,5.4,886,Maintenance
LOOM2742,40.67,3.91,1181,55.79,5.43,1110,Maintenance
LOOM2743,39.6,4.17,1176,57.75,5.91,1196,Maintenance
LOOM2744,40.07,3.1,1172,55.4,5.25,818,Maintenance
LOOM2745,42.02,4.43,1183,56.92,5.66,611,Maintenance
LOOM2746,41.7,2.68,1175,56.59,5.47,527,Maintenance
LOOM2747,41.93,4.27,1176,55.58,5.85,661,Maintenance
LOOM2748,43.71,3.82,1182,55.44,5.39,781,Maintenance
LOOM2749,40.68,3.25,1155,55.77,5.23,801,Maintenance
LOOM2750,39.65,3.61,1152,57.49,5.7,845,Maintenance
LOOM2751,40.19,4.81,1177,56.31,5.83,547,Maintenance
LOOM2752,41.6,2.29,1158,56.28,5.88,543,Maintenance
LOOM2753,43.72,4.62,1153,56.56,5.36,899,Maintenance
LOOM2754,40.99,3.82,1151,56.16,5.75,574,Maintenance
LOOM2755,40.6,4.24,1156,57.86,5.81,760,Maintenance
LOOM2756,43.49,3.07,1177,56.53,5.35,1085,Maintenance
LOOM2757,39.54,3.88,1181,56.27,5.65,646,Maintenance
LOOM2758,42.11,4.95,1166,55.87,5.97,618,Maintenance
LOOM2759,40.21,4.69,1150,57.38,5.99,698,Maintenance
LOOM2760,40.71,2.71,1185,57.21,5.62,917,Maintenance
LOOM2761,39.23,2.7,1173,56.84,5.3,604,Maintenance
LOOM2762,42.34,3.35,1151,56.82,5.24,877,Maintenance
LOOM2763,43.97,3.74,1154,57.41,5.43,686,Maintenance
LOOM2764,43.67,4.14,1178,57.98,5.67,669,Maintenance
LOOM2765,41.01,3.79,1176,57.3,5.66,884,Maintenance
LOOM2766,43.35,3.97,1185,56.93,5.81,1192,Maintenance
LOOM2767,42.39,4.94,1179,55.27,5.62,648,Maintenance
LOOM2768,41.68,3.1,1174,56.91,5.66,650,Maintenance
LOOM2769,40.65,2.31,1151,57.32,5.91,1083,Maintenance
LOOM2770,42.09,4.92,1162,57.86,5.91,610,Maintenance
LOOM2771,39.92,4.34,1164,55.88,5.31,940,Maintenance
LOOM2772,41.02,3.68,1153,56.22,5.76,1071,Maintenance
LOOM2773,41.36,3.19,1157,56.37,5.53,531,Maintenance
LOOM2774,42.21,2.52,1163,55.93,5.95,733,Maintenance
LOOM2775,41.6,2.66,1173,56.95,5.92,1032,Maintenance
LOOM2776,39.69,4.69,1151,57.51,5.98,503,Maintenance
LOOM2777,43.49,4.88,1157,57.94,5.92,1079,Maintenance
LOOM2778,42.05,3.02,1185,57.41,5.83,915,Maintenance
LOOM2779,41.95,3.08,1159,56.3,5.41,1063,Maintenance
LOOM2780,40.91,3.13,1176,56.89,5.94,721,Maintenance
LOOM2781,39.07,3.45,1177,55.29,5.86,649,Maintenance
LOOM2782,42.83,4.42,1170,56.71,5.98,623,Maintenance
LOOM2783,40.26,2.58,1167,56.2,5.32,1101,Maintenance
LOOM2784,42.98,2.93,1182,55.82,5.92,530,Maintenance
LOOM2785,43.16,2.49,1164,55.0,5.73,1026,Maintenance
LOOM2786,41.17,3.17,1174,55.19,5.24,896,Maintenance
LOOM2787,41.52,2.23,1162,57.44,5.47,526,Maintenance
LOOM2788,39.24,2.2,1183,55.17,5.72,582,Maintenance
LOOM2789,40.47,3.82,1170,55.16,5.53,681,Maintenance
LOOM2790,43.31,3.57,1178,56.93,5.7,551,Maintenance
LOOM2791,42.65,2.66,1167,55.81,5.92,951,Maintenance
LOOM2792,41.21,2.84,1160,55.17,5.95,643,Maintenance
LOOM2793,42.63,4.29,1176,57.01,5.68,852,Maintenance
LOOM2794,39.1,4.4,1181,57.17,5.86,893,Maintenance
LOOM2795,43.62,4.95,1154,57.31,5.41,906,Maintenance
LOOM2796,43.68,4.02,1166,55.2,5.36,707,Maintenance
LOOM2797,41.27,2.27,1158,57.86,5.45,675,Maintenance
LOOM2798,40.01,4.75,1175,55.33,5.64,581,Maintenance
LOOM2799,41.32,2.61,1160,57.03,5.26,667,Maintenance
LOOM2800,39.0,2.34,1177,55.71,5.61,1185,Maintenance
LOOM2801,40.59,3.4,1184,56.72,5.48,624,Maintenance
LOOM2802,39.95,3.34,1184,55.89,5.41,550,Maintenance
LOOM2803,42.63,2.51,1170,55.14,5.89,801,Maintenance
LOOM2804,41.55,4.92,1156,56.29,5.43,554,Maintenance
LOOM2805,40.18,2.61,1166,57.5,5.52,1047,Maintenance
LOOM2806,39.54,2.43,1179,57.22,5.6,1025,Maintenance
LOOM2807,39.85,2.56,1150,57.5,5.71,1003,Maintenance
LOOM2808,43.47,3.77,1161,55.31,5.35,1031,Maintenance
LOOM2809,43.65,3.26,1184,56.02,5.86,1121,Maintenance
LOOM2810,41.19,4.27,1164,57.62,5.63,617,Maintenance
LOOM2811,43.24,2.53,1170,56.23,5.47,1086,Maintenance
LOOM2812,42.75,4.88,1151,56.48,5.76,1057,Maintenance
LOOM2813,42.6,3.29,1157,56.36,5.76,912,Maintenance
LOOM2814,43.3,3.49,1175,56.55,5.85,515,Maintenance
LOOM2815,40.83,2.01,1184,55.43,5.73,675,Maintenance
LOOM2816,39.9,3.89,1170,57.02,5.27,902,Maintenance
LOOM2817,42.39,3.98,1150,57.33,5.63,958,Maintenance
LOOM2818,43.69,4.06,1175,56.71,5.79,1035,Maintenance
LOOM2819,42.26,4.81,1154,57.95,5.31,1081,Maintenance
LOOM2820,40.99,3.37,1152,56.67,5.63,1198,Maintenance
LOOM2821,40.34,3.29,1184,55.87,5.64,516,Maintenance
LOOM2822,43.77,2.38,1152,57.55,5.84,1119,Maintenance
LOOM2823,42.46,2.69,1184,56.3,5.78,756,Maintenance
LOOM2824,41.54,2.88,1158,55.89,5.68,1124,Maintenance
LOOM2825,41.56,3.89,1155,55.85,5.56,1058,Maintenance
LOOM2826,41.54,4.89,1152,57.09,5.55,865,Maintenance
LOOM2827,43.62,2.71,1184,56.2,5.51,700,Maintenance
LOOM2828,41.7,4.92,1161,55.08,5.69,781,Maintenance
LOOM2829,40.9,2.23,1154,57.16,5.73,972,Maintenance
LOOM2830,41.47,3.6,1174,56.63,5.89,1088,Maintenance
LOOM2831,43.58,3.52,1159,57.51,5.3,1028,Maintenance
LOOM2832,41.88,3.48,1152,57.37,5.63,1197,Maintenance
LOOM2833,41.62,3.2,1161,57.05,5.83,877,Maintenance
LOOM2834,39.26,2.81,1151,56.99,5.89,899,Maintenance
LOOM2835,40.9,3.86,1179,56.71,5.22,627,Maintenance
LOOM2836,39.84,4.7,1161,57.34,5.47,883,Maintenance
LOOM2837,40.34,2.55,1183,56.18,5.67,700,Maintenance
LOOM2838,39.7,4.48,1168,55.56,5.4,636,Maintenance
LOOM2839,42.42,4.22,1167,57.37,5.86,727,Maintenance
LOOM2840,43.33,2.58,1156,56.02,5.33,581,Maintenance
LOOM2841,42.42,4.75,1161,56.6,5.47,994,Maintenance
LOOM2842,39.89,4.84,1174,55.5,5.66,913,Maintenance
LOOM2843,43.73,2.66,1164,56.03,5.69,878,Maintenance
LOOM2844,39.51,4.58,1182,55.32,5.77,878,Maintenance
LOOM2845,40.83,4.85,1181,56.56,5.97,1072,Maintenance
LOOM2846,40.62,3.83,1181,57.32,5.43,767,Maintenance
LOOM2847,40.12,2.58,1157,57.63,5.92,1090,Maintenance
LOOM2848,39.37,4.5,1180,56.8,5.33,703,Maintenance
LOOM2849,41.61,4.11,1165,55.81,5.23,872,Maintenance
LOOM2850,40.05,2.92,1170,55.88,5.29,835,Maintenance
LOOM2851,40.01,2.65,1161,56.1,5.91,929,Maintenance
LOOM2852,41.38,4.54,1183,55.29,5.84,958,Maintenance
LOOM2853,43.26,2.14,1167,57.86,5.32,1158,Maintenance
LOOM2854,43.01,2.85,1155,55.11,5.48,967,Maintenance
LOOM2855,40.91,3.59,1157,57.09,5.62,1074,Maintenance
LOOM2856,39.3,4.2,1158,57.27,5.21,869,Maintenance
LOOM2857,39.65,4.53,1183,56.67,5.81,911,Maintenance
LOOM2858,39.81,2.41,1171,56.67,5.93,938,Maintenance
LOOM2859,41.08,4.87,1182,56.25,5.8,1051,Maintenance
LOOM2860,41.21,2.9,1160,55.41,5.76,1022,Maintenance
LOOM2861,40.69,4.22,1167,56.62,5.47,1102,Maintenance
LOOM2862,41.11,3.09,1170,57.36,5.87,794,Maintenance
LOOM2863,39.89,2.39,1157,57.9,5.85,938,Maintenance
LOOM2864,43.93,2.08,1150,57.65,5.23,814,Maintenance
LOOM2865,40.86,2.69,1164,55.22,5.39,1158,Maintenance
LOOM2866,43.39,4.65,1157,57.4,5.89,570,Maintenance
LOOM2867,40.04,2.97,1180,55.1,5.36,1148,Maintenance
LOOM2868,41.13,4.21,1156,55.85,5.43,1032,Maintenance
LOOM2869,41.62,3.15,1181,55.43,5.97,727,Maintenance
LOOM2870,41.12,4.7,1178,57.16,5.43,923,Maintenance
LOOM2871,39.75,2.02,1173,57.54,5.99,671,Maintenance
LOOM2872,43.6,2.86,1154,56.58,5.84,677,Maintenance
LOOM2873,42.54,4.42,1156,57.21,5.35,564,Maintenance
LOOM2874,39.63,3.82,1150,56.88,5.7,560,Maintenance
LOOM2875,40.89,2.02,1155,56.56,5.53,1001,Maintenance
LOOM2876,39.8,4.15,1179,56.04,5.63,982,Maintenance
LOOM2877,41.02,4.12,1179,55.53,5.34,858,Maintenance
LOOM2878,41.4,2.96,1173,56.69,5.41,638,Maintenance
LOOM2879,40.89,4.59,1152,55.98,5.69,1023,Maintenance
LOOM2880,43.08,4.56,1179,56.15,5.73,746,Maintenance
LOOM2881,42.65,3.18,1185,57.61,5.77,623,Maintenance
LOOM2882,42.23,2.53,1179,57.06,5.36,722,Maintenance
LOOM2883,43.63,3.97,1161,57.87,5.94,833,Maintenance
LOOM2884,39.91,2.47,1163,57.22,5.91,603,Maintenance
LOOM2885,42.66,4.4,1154,56.92,5.39,1063,Maintenance
LOOM2886,39.72,4.69,1170,56.96,5.76,750,Maintenance
LOOM2887,42.95,4.57,1184,55.61,5.64,815,Maintenance
LOOM2888,40.33,2.37,1179,57.21,5.91,724,Maintenance
LOOM2889,39.81,3.18,1165,57.83,5.66,767,Maintenance
LOOM2890,43.33,3.73,1181,56.83,5.78,684,Maintenance
LOOM2891,43.47,3.81,1178,55.01,5.66,950,Maintenance
LOOM2892,39.35,2.17,1165,57.0,5.68,1039,Maintenance
LOOM2893,43.55,4.16,1163,56.47,5.92,834,Maintenance
LOOM2894,39.69,4.85,1183,55.73,5.32,1191,Maintenance
LOOM2895,42.76,2.3,1173,56.19,5.83,555,Maintenance
LOOM2896,41.74,2.52,1152,55.8,5.64,1121,Maintenance
LOOM2897,43.05,4.06,1179,56.56,5.6,1082,Maintenance
LOOM2898,41.19,4.05,1173,57.0,5.49,742,Maintenance
LOOM2899,42.19,3.18,1153,57.4,5.94,541,Maintenance
LOOM2900,40.01,2.83,1169,55.71,5.51,583,Maintenance
LOOM2901,43.07,4.57,1170,55.33,5.25,666,Maintenance
LOOM2902,43.77,4.62,1155,55.07,5.32,1091,Maintenance
LOOM2903,39.84,4.78,1172,56.99,5.27,703,Maintenance
LOOM2904,41.39,3.96,1182,55.58,5.69,701,Maintenance
LOOM2905,43.56,3.73,1180,55.25,5.75,1011,Maintenance
LOOM2906,39.46,4.9,1159,56.19,5.71,655,Maintenance
LOOM2907,39.58,2.47,1179,56.23,5.8,642,Maintenance
LOOM2908,39.27,3.82,1155,55.35,5.51,607,Maintenance
LOOM2909,39.65,2.54,1157,56.85,5.23,639,Maintenance
LOOM2910,42.61,3.99,1183,57.28,5.95,702,Maintenance
LOOM2911,43.63,4.24,1163,55.11,5.66,941,Maintenance
LOOM2912,40.9,2.63,1150,56.98,5.56,1181,Maintenance
LOOM2913,43.06,4.33,1156,55.45,5.83,680,Maintenance
LOOM2914,39.5,2.85,1185,57.05,5.7,643,Maintenance
LOOM2915,43.61,4.58,1170,57.95,5.32,793,Maintenance
LOOM2916,40.88,2.05,1162,57.1,5.49,858,Maintenance
LOOM2917,42.61,4.52,1154,57.43,5.79,501,Maintenance
LOOM2918,43.03,2.64,1172,55.38,5.76,1008,Maintenance
LOOM2919,43.12,4.33,1164,57.91,5.29,782,Maintenance
LOOM2920,39.95,4.81,1185,55.98,5.49,814,Maintenance
LOOM2921,42.81,2.39,1151,55.78,5.26,659,Maintenance
LOOM2922,39.13,4.97,1153,56.27,5.49,665,Maintenance
LOOM2923,41.4,3.67,1167,55.18,5.68,562,Maintenance
LOOM2924,41.22,4.16,1155,56.29,5.89,522,Maintenance
LOOM2925,41.06,2.39,1168,56.59,5.96,609,Maintenance
LOOM2926,40.71,2.78,1160,57.48,5.75,1157,Maintenance
LOOM2927,39.04,4.1,1168,55.1,5.25,517,Maintenance
LOOM2928,42.08,4.72,1175,57.87,5.65,1155,Maintenance
LOOM2929,41.26,3.27,1169,56.87,5.5,1104,Maintenance
LOOM2930,42.39,4.99,1173,55.86,5.87,752,Maintenance
LOOM2931,40.26,4.52,1158,57.51,5.4,944,Maintenance
LOOM2932,39.01,2.13,1153,57.31,5.84,1026,Maintenance
LOOM2933,39.61,2.62,1176,56.66,5.28,908,Maintenance
LOOM2934,40.38,4.83,1181,55.49,5.61,1057,Maintenance
LOOM2935,39.07,2.29,1173,56.34,5.32,531,Maintenance
LOOM2936,43.34,2.32,1171,57.11,5.57,700,Maintenance
LOOM2937,41.54,3.23,1156,55.74,5.57,734,Maintenance
LOOM2938,40.66,4.91,1168,56.08,5.62,782,Maintenance
LOOM2939,41.46,2.6,1175,55.52,5.76,525,Maintenance
LOOM2940,39.09,3.31,1172,56.6,5.62,863,Maintenance
LOOM2941,41.23,4.11,1166,56.49,5.36,1074,Maintenance
LOOM2942,39.03,2.6,1162,56.82,5.33,950,Maintenance
LOOM2943,43.61,4.51,1175,56.31,5.32,861,Maintenance
LOOM2944,41.93,3.57,1158,57.1,5.58,532,Maintenance
LOOM2945,39.29,2.8,1176,56.28,5.45,838,Maintenance
LOOM2946,42.13,2.07,1154,57.39,5.24,1102,Maintenance
LOOM2947,41.43,3.4,1166,55.11,5.8,768,Maintenance
LOOM2948,41.93,3.63,1185,55.2,5.77,1146,Maintenance
LOOM2949,42.48,3.72,1170,55.75,6.0,567,Maintenance
LOOM2950,40.58,2.52,1166,56.83,5.6,1103,Maintenance
LOOM2951,40.49,4.49,1181,57.79,5.52,1120,Maintenance
LOOM2952,41.65,3.48,1164,56.94,5.36,1104,Maintenance
LOOM2953,41.2,2.36,1176,56.15,5.65,799,Maintenance
LOOM2954,39.51,4.72,1156,55.45,5.59,550,Maintenance
LOOM2955,41.43,3.71,1165,55.7,5.34,830,Maintenance
LOOM2956,41.18,2.63,1182,57.01,5.68,1096,Maintenance
LOOM2957,41.84,2.34,1178,57.42,5.25,770,Maintenance
LOOM2958,39.83,3.29,1158,55.08,5.57,1027,Maintenance
LOOM2959,41.3,4.71,1160,55.32,5.53,662,Maintenance
LOOM2960,42.3,3.98,1166,55.29,5.94,1058,Maintenance
LOOM2961,43.72,4.4,1165,56.11,5.76,1129,Maintenance
LOOM2962,41.86,3.79,1178,57.7,5.92,585,Maintenance
LOOM2963,43.88,4.89,1184,56.51,5.67,796,Maintenance
LOOM2964,43.64,3.52,1154,57.91,5.94,766,Maintenance
LOOM2965,40.52,2.41,1157,56.35,5.9,864,Maintenance
LOOM2966,41.61,4.21,1164,56.71,5.55,1019,Maintenance
LOOM2967,40.87,4.8,1184,55.52,5.85,765,Maintenance
LOOM2968,41.7,3.26,1170,56.42,5.27,684,Maintenance
LOOM2969,43.21,3.14,1155,55.9,5.52,1163,Maintenance
LOOM2970,42.34,4.8,1182,57.67,5.74,1104,Maintenance
LOOM2971,40.35,2.5,1177,56.68,5.6,974,Maintenance
LOOM2972,42.63,3.18,1180,56.99,5.24,544,Maintenance
LOOM2973,41.94,2.69,1157,55.78,5.83,1094,Maintenance
LOOM2974,41.12,3.06,1152,56.48,5.64,754,Maintenance
LOOM2975,39.89,2.85,1185,56.67,5.47,886,Maintenance
LOOM2976,40.77,4.34,1179,56.74,5.89,1174,Maintenance
LOOM2977,42.35,3.19,1168,56.92,5.91,931,Maintenance
LOOM2978,42.51,2.85,1174,56.15,5.4,771,Maintenance
LOOM2979,43.68,3.29,1167,56.36,5.45,566,Maintenance
LOOM2980,41.22,2.46,1171,55.31,5.31,864,Maintenance
LOOM2981,41.9,2.73,1176,55.83,5.64,500,Maintenance
LOOM2982,41.51,3.72,1164,55.8,5.52,1013,Maintenance
LOOM2983,40.14,2.12,1177,55.41,5.41,991,Maintenance
LOOM2984,39.76,4.96,1183,56.34,5.66,935,Maintenance
LOOM2985,39.11,4.5,1155,55.9,5.37,615,Maintenance
LOOM2986,41.93,4.27,1165,56.07,5.8,1114,Maintenance
LOOM2987,42.2,2.49,1163,57.14,5.29,718,Maintenance
LOOM2988,41.38,3.22,1150,56.03,5.98,544,Maintenance
LOOM2989,43.59,2.96,1182,55.28,5.47,522,Maintenance
LOOM2990,43.55,3.08,1167,57.25,5.6,768,Maintenance
LOOM2991,39.62,2.29,1170,56.95,5.9,796,Maintenance
LOOM2992,40.37,4.36,1176,56.21,5.25,995,Maintenance
LOOM2993,43.48,4.79,1154,57.32,5.3,764,Maintenance
LOOM2994,41.97,3.72,1184,56.89,5.64,502,Maintenance
LOOM2995,43.33,3.39,1185,55.44,5.42,953,Maintenance
LOOM2996,40.35,3.55,1156,57.36,5.87,1137,Maintenance
LOOM2997,39.92,3.18,1174,57.84,5.64,1131,Maintenance
LOOM2998,42.32,3.85,1165,57.1,5.67,1133,Maintenance
LOOM2999,41.75,2.93,1182,56.14,5.45,592,Maintenance
LOOM3000,40.64,3.77,1170,57.41,5.24,627,Maintenance
LOOM3001,42.07,4.17,1161,55.18,5.75,989,Maintenance
LOOM3002,43.97,2.74,1174,57.67,5.24,616,Maintenance
LOOM3003,39.35,2.24,1153,55.68,5.68,1068,Maintenance
LOOM3004,43.04,2.62,1170,55.75,5.98,1163,Maintenance
LOOM3005,39.63,3.54,1166,55.98,5.68,888,Maintenance
LOOM3006,41.43,2.15,1169,57.42,5.44,1094,Maintenance
LOOM3007,40.25,2.14,1174,58.0,5.75,780,Maintenance
LOOM3008,42.93,4.22,1185,56.84,5.55,920,Maintenance
LOOM3009,39.25,4.37,1166,55.49,5.86,818,Maintenance
LOOM3010,40.57,4.6,1181,57.27,5.47,529,Maintenance
LOOM3011,41.86,4.35,1169,57.3,5.97,696,Maintenance
LOOM3012,42.91,4.42,1151,56.28,5.39,878,Maintenance
LOOM3013,40.29,3.21,1174,57.35,5.88,688,Maintenance
LOOM3014,42.85,3.01,1168,55.16,5.52,842,Maintenance
LOOM3015,42.02,3.04,1153,55.03,5.95,935,Maintenance
LOOM3016,39.8,2.56,1161,55.46,5.34,962,Maintenance
LOOM3017,41.14,4.64,1180,55.93,5.31,823,Maintenance
LOOM3018,42.07,3.17,1156,55.24,5.42,602,Maintenance
LOOM3019,39.46,4.73,1182,57.45,5.4,1029,Maintenance
LOOM3020,42.2,4.98,1150,57.28,5.98,515,Maintenance
LOOM3021,39.54,3.77,1175,56.44,5.6,1072,Maintenance
LOOM3022,39.64,4.62,1161,56.73,5.91,866,Maintenance
LOOM3023,41.22,4.36,1150,57.79,5.42,638,Maintenance
LOOM3024,43.97,3.23,1166,57.56,5.71,935,Maintenance
LOOM3025,39.38,4.19,1160,55.16,5.62,734,Maintenance
LOOM3026,42.68,4.65,1171,55.68,5.48,1102,Maintenance
LOOM3027,42.65,4.6,1184,55.14,5.64,1150,Maintenance
LOOM3028,39.84,4.95,1182,55.52,5.3,1187,Maintenance
LOOM3029,41.79,4.25,1182,55.97,5.4,774,Maintenance
LOOM3030,39.24,4.03,1177,55.76,5.72,792,Maintenance
LOOM3031,42.26,3.02,1159,57.61,5.88,578,Maintenance
LOOM3032,39.56,4.83,1159,57.8,5.99,792,Maintenance
LOOM3033,42.85,3.84,1181,57.05,5.7,586,Maintenance
LOOM3034,41.25,4.7,1175,57.29,5.39,800,Maintenance
LOOM3035,42.23,4.04,1160,56.47,5.22,1068,Maintenance
LOOM3036,41.69,4.06,1154,57.69,5.48,512,Maintenance
LOOM3037,42.28,2.18,1154,56.82,5.51,752,Maintenance
LOOM3038,43.13,2.76,1162,55.1,5.69,735,Maintenance
LOOM3039,40.62,3.64,1159,55.8,5.92,838,Maintenance
LOOM3040,43.24,4.64,1150,55.11,5.94,1149,Maintenance
LOOM3041,42.7,3.54,1175,56.32,5.6,1026,Maintenance
LOOM3042,43.53,4.53,1172,57.97,5.42,760,Maintenance
LOOM3043,43.58,4.87,1166,55.79,5.24,1044,Maintenance
LOOM3044,40.05,3.61,1173,57.07,5.58,1134,Maintenance
LOOM3045,40.09,4.11,1185,55.32,5.71,1166,Maintenance
LOOM3046,42.78,4.4,1170,55.72,5.68,650,Maintenance
LOOM3047,41.68,4.88,1182,56.98,5.9,895,Maintenance
LOOM3048,43.02,3.7,1177,57.96,5.62,658,Maintenance
LOOM3049,43.42,4.29,1153,55.92,5.99,992,Maintenance
LOOM3050,41.89,2.4,1180,55.31,5.87,1197,Maintenance
LOOM3051,39.69,3.13,1152,57.43,5.89,1112,Maintenance
LOOM3052,41.7,4.89,1166,55.53,5.31,708,Maintenance
LOOM3053,43.16,3.95,1178,55.49,5.39,1081,Maintenance
LOOM3054,42.96,2.45,1157,57.96,5.73,1011,Maintenance
LOOM3055,39.15,4.76,1160,57.83,5.65,676,Maintenance
LOOM3056,41.59,3.54,1153,57.14,5.65,717,Maintenance
LOOM3057,39.84,2.36,1157,55.04,5.38,502,Maintenance
LOOM3058,39.08,4.07,1174,56.38,5.5,546,Maintenance
LOOM3059,43.55,3.52,1185,57.76,5.74,895,Maintenance
LOOM3060,39.61,3.64,1168,55.57,5.51,595,Maintenance
LOOM3061,40.44,4.75,1165,57.69,5.43,826,Maintenance
LOOM3062,42.25,3.92,1155,56.77,5.8,994,Maintenance
LOOM3063,40.38,4.35,1185,56.92,5.36,816,Maintenance
LOOM3064,41.04,4.95,1170,57.5,5.83,535,Maintenance
LOOM3065,39.02,4.2,1151,56.37,5.8,686,Maintenance
LOOM3066,39.02,4.45,1167,57.83,5.96,1102,Maintenance
LOOM3067,40.9,4.5,1171,55.06,5.75,946,Maintenance
LOOM3068,41.16,4.69,1174,56.27,5.27,513,Maintenance
LOOM3069,43.52,3.18,1173,55.9,5.27,592,Maintenance
LOOM3070,42.52,4.68,1164,57.96,5.2,957,Maintenance
LOOM3071,41.71,2.3,1167,57.32,5.58,1035,Maintenance
LOOM3072,42.08,3.1,1185,57.28,5.54,1061,Maintenance
LOOM3073,40.01,3.66,1174,56.6,5.65,1136,Maintenance
LOOM3074,41.03,3.17,1179,57.35,5.62,1052,Maintenance
LOOM3075,41.17,3.67,1157,56.42,6.0,1176,Maintenance
LOOM3076,42.2,4.34,1154,56.09,5.5,1105,Maintenance
LOOM3077,41.14,3.09,1154,56.71,5.92,523,Maintenance
LOOM3078,42.47,2.71,1151,57.83,5.31,867,Maintenance
LOOM3079,41.27,4.89,1183,56.73,5.86,691,Maintenance
LOOM3080,40.9,2.91,1155,56.66,5.2,1085,Maintenance
LOOM3081,40.84,2.42,1154,57.35,5.49,1022,Maintenance
LOOM3082,40.57,4.87,1179,56.46,5.43,592,Maintenance
LOOM3083,42.35,2.41,1168,56.16,5.35,576,Maintenance
LOOM3084,39.48,4.02,1185,55.43,5.27,1106,Maintenance
LOOM3085,41.01,2.41,1167,55.53,5.31,988,Maintenance
LOOM3086,40.67,3.76,1178,55.16,5.77,770,Maintenance
LOOM3087,42.61,3.1,1158,55.32,5.64,1197,Maintenance
LOOM3088,40.47,3.46,1152,55.96,5.82,629,Maintenance
LOOM3089,39.01,3.73,1158,57.53,5.49,500,Maintenance
LOOM3090,42.55,2.05,1153,55.19,5.52,850,Maintenance
LOOM3091,41.05,4.85,1179,55.52,5.86,785,Maintenance
LOOM3092,43.24,3.41,1161,56.51,5.94,1125,Maintenance
LOOM3093,40.64,4.16,1167,55.02,5.27,1032,Maintenance
LOOM3094,42.26,4.74,1183,55.55,5.75,963,Maintenance
LOOM3095,40.2,2.41,1176,55.22,5.95,1055,Maintenance
LOOM3096,43.62,4.38,1173,55.02,5.25,859,Maintenance
LOOM3097,43.71,3.92,1153,55.27,5.66,501,Maintenance
LOOM3098,42.05,4.53,1156,57.94,5.73,822,Maintenance
LOOM3099,39.93,2.24,1152,57.23,5.38,951,Maintenance
LOOM3100,39.27,3.71,1162,55.13,5.57,940,Maintenance
LOOM3101,41.97,4.04,1150,57.87,5.41,1169,Maintenance
LOOM3102,39.43,3.51,1169,56.69,5.46,800,Maintenance
LOOM3103,40.14,3.94,1183,56.4,5.67,1086,Maintenance
LOOM3104,40.07,4.57,1172,55.39,5.41,983,Maintenance
LOOM3105,42.83,3.24,1155,57.88,5.83,1027,Maintenance
LOOM3106,43.63,4.93,1162,57.41,5.85,584,Maintenance
LOOM3107,40.07,4.31,1154,55.11,5.47,657,Maintenance
LOOM3108,40.76,3.68,1175,55.67,5.35,979,Maintenance
LOOM3109,43.46,2.64,1173,56.31,5.62,747,Maintenance
LOOM3110,40.69,4.76,1176,56.59,5.52,779,Maintenance
LOOM3111,43.9,3.31,1177,56.34,5.67,724,Maintenance
LOOM3112,43.95,4.99,1169,57.79,5.6,1060,Maintenance
LOOM3113,40.52,2.53,1164,56.15,5.99,1145,Maintenance
LOOM3114,43.85,2.89,1158,56.62,5.46,554,Maintenance
LOOM3115,41.23,3.33,1167,57.11,5.51,959,Maintenance
LOOM3116,42.1,3.06,1173,57.88,5.33,1078,Maintenance
LOOM3117,39.91,4.47,1152,56.62,5.47,832,Maintenance
LOOM3118,39.54,3.48,1169,57.19,5.73,1114,Maintenance
LOOM3119,39.51,2.7,1155,57.99,5.57,1019,Maintenance
LOOM3120,43.71,2.28,1151,55.43,5.84,955,Maintenance
LOOM3121,42.41,2.16,1161,55.5,5.22,1135,Maintenance
LOOM3122,40.85,2.7,1167,57.1,5.27,681,Maintenance
LOOM3123,43.99,4.68,1158,55.55,5.92,1079,Maintenance
LOOM3124,40.79,4.89,1150,55.47,5.53,551,Maintenance
LOOM3125,39.39,2.33,1163,57.59,5.94,855,Maintenance
LOOM3126,43.83,3.96,1166,56.32,5.91,847,Maintenance
LOOM3127,39.16,2.85,1181,55.3,5.55,695,Maintenance
LOOM3128,43.22,3.39,1185,55.15,5.48,1104,Maintenance
LOOM3129,42.37,3.93,1164,57.0,5.86,549,Maintenance
LOOM3130,39.05,3.18,1163,57.91,5.82,512,Maintenance
LOOM3131,40.02,4.69,1157,55.01,5.48,532,Maintenance
LOOM3132,43.39,3.29,1182,56.83,5.98,791,Maintenance
LOOM3133,39.32,3.63,1156,57.87,5.99,844,Maintenance
LOOM3134,43.4,3.85,1161,57.88,5.49,749,Maintenance
LOOM3135,43.55,4.06,1171,55.44,5.49,572,Maintenance
LOOM3136,39.17,3.22,1181,56.71,5.66,1159,Maintenance
LOOM3137,39.1,3.71,1185,55.18,5.64,949,Maintenance
LOOM3138,41.39,2.13,1165,57.99,5.6,1196,Maintenance
LOOM3139,39.63,4.67,1163,56.99,5.66,795,Maintenance
LOOM3140,40.53,4.1,1173,57.59,5.22,902,Maintenance
LOOM3141,41.45,3.13,1160,56.0,5.21,664,Maintenance
LOOM3142,42.16,4.49,1154,56.48,5.99,820,Maintenance
LOOM3143,40.28,4.7,1161,55.86,5.57,760,Maintenance
LOOM3144,39.92,2.18,1161,56.98,5.66,653,Maintenance
LOOM3145,40.09,2.66,1171,57.57,5.26,532,Maintenance
LOOM3146,41.86,3.93,1176,57.52,5.24,750,Maintenance
LOOM3147,39.03,4.29,1184,56.67,5.53,759,Maintenance
LOOM3148,40.21,2.45,1157,55.27,5.51,725,Maintenance
LOOM3149,42.97,3.85,1150,55.84,5.74,967,Maintenance
LOOM3150,40.67,4.63,1185,57.37,5.63,831,Maintenance
LOOM3151,43.29,4.58,1155,55.51,5.79,933,Maintenance
LOOM3152,40.56,3.19,1164,57.86,5.39,1187,Maintenance
LOOM3153,43.02,2.54,1150,57.65,5.31,878,Maintenance
LOOM3154,40.77,2.56,1166,56.39,5.57,525,Maintenance
LOOM3155,42.47,2.38,1178,55.34,5.84,665,Maintenance
LOOM3156,40.13,4.26,1150,55.54,5.55,672,Maintenance
LOOM3157,39.49,4.39,1160,55.2,5.93,1037,Maintenance
LOOM3158,42.93,3.57,1181,57.17,5.75,1079,Maintenance
LOOM3159,39.47,2.32,1157,56.51,5.37,880,Maintenance
LOOM3160,40.66,3.65,1170,56.71,5.57,981,Maintenance
LOOM3161,39.84,4.07,1174,56.67,5.24,551,Maintenance
LOOM3162,42.75,4.32,1165,56.44,5.81,1118,Maintenance
LOOM3163,43.29,2.2,1174,56.83,5.32,1095,Maintenance
LOOM3164,41.4,2.52,1182,55.83,5.97,818,Maintenance
LOOM3165,43.33,3.97,1182,55.41,5.78,988,Maintenance
LOOM3166,39.81,2.16,1185,55.64,5.44,630,Maintenance
LOOM3167,42.13,4.52,1164,55.41,5.96,560,Maintenance
LOOM3168,40.26,2.83,1181,57.96,5.72,634,Maintenance
LOOM3169,43.62,4.58,1157,55.2,5.98,868,Maintenance
LOOM3170,41.89,4.13,1150,57.02,5.79,513,Maintenance
LOOM3171,39.64,3.9,1153,55.83,5.77,652,Maintenance
LOOM3172,40.1,2.39,1178,56.49,5.88,630,Maintenance
LOOM3173,42.48,2.31,1173,57.15,5.23,633,Maintenance
LOOM3174,41.52,3.25,1153,56.22,5.52,502,Maintenance
LOOM3175,42.41,4.47,1172,57.15,5.68,950,Maintenance
LOOM3176,41.28,3.07,1156,56.83,5.38,572,Maintenance
LOOM3177,42.42,3.96,1155,56.25,5.91,575,Maintenance
LOOM3178,41.35,3.13,1152,57.58,5.33,1043,Maintenance
LOOM3179,40.09,4.83,1151,55.79,5.87,1054,Maintenance
LOOM3180,43.11,2.2,1174,56.18,5.32,583,Maintenance
LOOM3181,43.01,2.61,1157,56.26,5.21,557,Maintenance
LOOM3182,40.83,3.67,1173,57.91,5.53,902,Maintenance
LOOM3183,41.3,4.26,1152,56.15,5.76,656,Maintenance
LOOM3184,39.42,3.54,1175,56.09,5.25,1095,Maintenance
LOOM3185,40.43,4.29,1166,55.9,5.23,941,Maintenance
LOOM3186,40.96,2.59,1169,56.81,5.35,730,Maintenance
LOOM3187,41.84,3.03,1169,56.94,5.5,964,Maintenance
LOOM3188,39.95,4.54,1174,55.4,5.91,620,Maintenance
LOOM3189,39.44,4.91,1166,55.65,5.53,640,Maintenance
LOOM3190,43.6,4.22,1185,57.09,5.41,654,Maintenance
LOOM3191,39.51,3.54,1182,56.91,5.96,1046,Maintenance
LOOM3192,42.67,4.85,1156,57.22,5.94,651,Maintenance
LOOM3193,42.2,4.17,1155,56.97,5.66,889,Maintenance
LOOM3194,40.32,2.6,1171,57.41,5.91,788,Maintenance
LOOM3195,43.74,4.92,1161,57.67,5.73,873,Maintenance
LOOM3196,41.66,2.67,1166,57.85,5.96,535,Maintenance
LOOM3197,43.04,2.72,1155,57.12,5.49,1184,Maintenance
LOOM3198,41.65,3.22,1173,57.94,5.41,978,Maintenance
LOOM3199,42.89,3.17,1167,56.5,5.84,911,Maintenance
LOOM3200,41.93,4.68,1167,57.17,5.95,1150,Maintenance
LOOM3201,40.68,2.6,1165,56.31,5.65,777,Maintenance
LOOM3202,40.97,4.79,1182,56.15,5.85,941,Maintenance
LOOM3203,40.04,2.84,1155,55.53,5.43,522,Maintenance
LOOM3204,41.68,4.72,1171,57.78,5.95,813,Maintenance
LOOM3205,41.54,4.44,1161,57.28,5.68,830,Maintenance
LOOM3206,42.93,3.11,1174,56.19,5.88,686,Maintenance
LOOM3207,39.56,4.77,1150,56.36,5.98,639,Maintenance
LOOM3208,40.2,4.33,1157,55.8,5.51,792,Maintenance
LOOM3209,39.26,4.0,1166,56.95,5.67,753,Maintenance
LOOM3210,42.96,2.47,1176,57.45,5.44,824,Maintenance
LOOM3211,43.43,2.64,1153,56.36,5.53,1173,Maintenance
LOOM3212,42.85,2.68,1151,55.09,5.72,624,Maintenance
LOOM3213,41.48,3.59,1172,57.76,5.31,623,Maintenance
LOOM3214,39.4,4.19,1178,55.28,5.95,787,Maintenance
LOOM3215,40.59,2.63,1167,57.22,5.34,1017,Maintenance
LOOM3216,42.99,2.78,1181,55.15,5.6,1158,Maintenance
LOOM3217,43.82,4.61,1151,57.07,5.53,849,Maintenance
LOOM3218,43.38,4.46,1164,57.71,5.57,635,Maintenance
LOOM3219,41.89,3.2,1170,56.22,5.36,503,Maintenance
LOOM3220,39.56,4.73,1152,57.78,5.7,865,Maintenance
LOOM3221,43.08,4.44,1184,55.19,5.94,876,Maintenance
LOOM3222,40.63,3.56,1152,55.11,5.94,995,Maintenance
LOOM3223,43.28,2.53,1158,55.2,5.35,974,Maintenance
LOOM3224,42.31,4.84,1157,56.28,5.68,732,Maintenance
LOOM3225,43.84,4.08,1157,57.31,5.37,907,Maintenance
LOOM3226,41.65,3.88,1155,56.48,5.33,535,Maintenance
LOOM3227,39.99,2.59,1172,56.05,5.32,900,Maintenance
LOOM3228,39.88,4.16,1161,56.73,5.7,996,Maintenance
LOOM3229,42.92,3.03,1173,57.9,5.48,1175,Maintenance
LOOM3230,42.41,4.73,1159,55.51,5.71,953,Maintenance
LOOM3231,40.13,3.85,1183,56.81,5.34,794,Maintenance
LOOM3232,40.82,3.42,1164,57.35,5.38,732,Maintenance
LOOM3233,41.12,2.26,1172,57.92,5.58,593,Maintenance
LOOM3234,43.54,3.65,1179,55.14,5.35,1121,Maintenance
LOOM3235,41.49,4.88,1182,57.42,5.86,704,Maintenance
LOOM3236,40.91,2.3,1181,55.37,5.52,862,Maintenance
LOOM3237,42.22,4.86,1185,55.67,5.97,1194,Maintenance
LOOM3238,41.8,4.89,1155,57.89,5.59,1145,Maintenance
LOOM3239,41.17,4.12,1166,56.6,5.41,912,Maintenance
LOOM3240,41.39,2.97,1166,55.39,5.37,721,Maintenance
LOOM3241,43.91,4.95,1159,57.86,5.94,1020,Maintenance
LOOM3242,39.08,2.32,1168,55.76,5.32,1073,Maintenance
LOOM3243,43.95,4.57,1159,57.15,5.73,1146,Maintenance
LOOM3244,43.3,2.54,1172,56.22,5.5,1132,Maintenance
LOOM3245,43.96,3.01,1173,56.97,5.92,748,Maintenance
LOOM3246,43.17,3.91,1180,57.59,5.4,1163,Maintenance
LOOM3247,39.57,2.17,1175,57.05,5.59,607,Maintenance
LOOM3248,43.14,2.02,1170,55.69,5.65,812,Maintenance
LOOM3249,42.86,3.96,1170,55.45,5.91,573,Maintenance
LOOM3250,40.1,3.16,1175,56.98,5.61,793,Maintenance
LOOM3251,42.32,2.69,1180,56.97,5.51,821,Maintenance
LOOM3252,42.65,4.37,1152,56.08,5.4,574,Maintenance
LOOM3253,43.0,4.81,1154,56.1,5.54,774,Maintenance
LOOM3254,39.36,3.7,1171,55.99,5.42,1083,Maintenance
LOOM3255,43.67,2.27,1174,56.78,5.37,828,Maintenance
LOOM3256,41.25,3.49,1161,55.18,5.84,640,Maintenance
LOOM3257,39.09,2.51,1160,57.0,5.26,1167,Maintenance
LOOM3258,41.48,2.41,1155,55.45,5.26,706,Maintenance
LOOM3259,41.86,4.26,1177,57.72,5.7,973,Maintenance
LOOM3260,41.66,3.94,1175,55.11,5.96,985,Maintenance
LOOM3261,40.08,2.49,1181,57.68,5.39,1116,Maintenance
LOOM3262,43.93,2.56,1178,56.96,5.74,528,Maintenance
LOOM3263,41.3,3.02,1183,56.6,5.58,1057,Maintenance
LOOM3264,41.1,2.71,1163,57.82,5.75,816,Maintenance
LOOM3265,40.02,3.81,1174,55.99,5.35,1024,Maintenance
LOOM3266,42.36,4.36,1171,55.55,5.3,546,Maintenance
LOOM3267,39.79,3.76,1172,57.53,5.82,997,Maintenance
LOOM3268,43.04,2.82,1168,56.69,5.56,790,Maintenance
LOOM3269,41.4,4.13,1150,55.42,5.97,975,Maintenance
LOOM3270,40.98,2.93,1177,56.49,5.44,958,Maintenance
LOOM3271,41.97,4.77,1155,56.26,5.36,855,Maintenance
LOOM3272,41.13,4.97,1166,57.57,5.23,916,Maintenance
LOOM3273,40.22,2.94,1164,56.41,5.23,895,Maintenance
LOOM3274,43.88,3.7,1161,57.89,5.55,612,Maintenance
LOOM3275,43.41,3.7,1172,55.41,5.76,728,Maintenance
LOOM3276,40.61,2.15,1173,56.78,5.78,683,Maintenance
LOOM3277,40.84,2.33,1183,55.48,5.53,711,Maintenance
LOOM3278,41.13,2.7,1155,57.56,5.69,1037,Maintenance
LOOM3279,42.1,3.68,1171,56.84,5.48,788,Maintenance
LOOM3280,41.07,3.3,1169,57.92,5.8,799,Maintenance
LOOM3281,42.73,2.92,1166,57.36,5.83,812,Maintenance
LOOM3282,42.06,3.19,1165,57.26,5.39,764,Maintenance
LOOM3283,40.38,3.35,1164,56.72,5.42,919,Maintenance
LOOM3284,40.32,3.58,1185,55.51,5.38,1107,Maintenance
LOOM3285,40.64,3.26,1180,57.17,5.37,1089,Maintenance
LOOM3286,42.35,3.6,1183,56.75,5.95,602,Maintenance
LOOM3287,40.25,2.31,1150,57.99,5.81,956,Maintenance
LOOM3288,39.65,4.07,1157,57.58,5.81,990,Maintenance
LOOM3289,40.63,4.7,1183,56.04,5.43,922,Maintenance
LOOM3290,40.85,3.42,1158,57.58,5.3,750,Maintenance
LOOM3291,39.05,2.91,1177,57.54,5.51,565,Maintenance
LOOM3292,39.74,3.83,1153,57.47,5.31,864,Maintenance
LOOM3293,39.53,4.34,1163,57.2,5.57,902,Maintenance
LOOM3294,43.32,3.59,1175,55.57,5.67,1143,Maintenance
LOOM3295,42.39,3.41,1150,56.67,5.54,580,Maintenance
LOOM3296,43.61,3.83,1154,55.78,5.49,805,Maintenance
LOOM3297,39.95,4.09,1175,56.16,5.27,728,Maintenance
LOOM3298,43.67,3.65,1153,57.66,5.44,687,Maintenance
LOOM3299,39.95,3.22,1158,55.1,5.4,817,Maintenance
LOOM3300,41.29,2.55,1176,55.62,5.29,808,Maintenance
LOOM3301,40.16,3.35,1176,56.51,5.75,1173,Maintenance
LOOM3302,40.98,4.46,1151,55.1,5.83,1166,Maintenance
LOOM3303,40.57,4.12,1159,56.71,5.42,1096,Maintenance
LOOM3304,43.8,2.46,1155,56.94,5.98,948,Maintenance
LOOM3305,43.45,2.19,1166,55.56,5.23,712,Maintenance
LOOM3306,43.21,2.18,1164,56.61,5.83,875,Maintenance
LOOM3307,43.74,2.49,1185,56.83,5.42,900,Maintenance
LOOM3308,40.69,3.35,1171,57.19,5.8,663,Maintenance
LOOM3309,39.99,2.4,1159,56.87,5.39,639,Maintenance
LOOM3310,39.08,2.99,1156,55.65,5.9,735,Maintenance
LOOM3311,39.11,2.59,1176,56.41,5.25,625,Maintenance
LOOM3312,42.35,3.28,1179,56.1,5.85,948,Maintenance
LOOM3313,43.28,2.43,1180,56.83,5.48,822,Maintenance
LOOM3314,40.25,4.25,1161,55.83,5.5,557,Maintenance
LOOM3315,39.39,4.71,1164,57.2,5.64,764,Maintenance
LOOM3316,43.08,2.51,1151,55.65,5.77,634,Maintenance
LOOM3317,39.23,3.62,1179,55.2,5.98,1095,Maintenance
LOOM3318,43.05,4.39,1151,55.27,5.77,667,Maintenance
LOOM3319,42.31,2.4,1153,57.64,5.25,923,Maintenance
LOOM3320,43.58,2.78,1184,56.39,5.82,604,Maintenance
LOOM3321,43.16,3.43,1181,55.96,5.41,608,Maintenance
LOOM3322,42.11,4.5,1161,57.78,5.24,868,Maintenance
LOOM3323,42.2,2.68,1178,55.46,5.74,1144,Maintenance
LOOM3324,39.74,3.52,1154,55.54,5.45,541,Maintenance
LOOM3325,43.01,3.75,1171,56.16,5.81,788,Maintenance
LOOM3326,42.56,4.74,1159,57.84,5.59,1142,Maintenance
LOOM3327,39.94,3.72,1154,57.38,5.28,586,Maintenance
LOOM3328,39.43,2.14,1183,56.37,5.61,741,Maintenance
LOOM3329,42.48,4.95,1185,56.25,5.93,1128,Maintenance
LOOM3330,39.25,4.75,1154,56.36,5.24,996,Maintenance
LOOM3331,40.46,2.11,1164,56.79,5.48,1101,Maintenance
LOOM3332,43.86,3.85,1172,55.53,5.45,612,Maintenance
LOOM3333,41.47,2.52,1159,57.72,5.96,760,Maintenance
LOOM3334,40.25,3.67,1161,55.49,5.49,796,Maintenance
LOOM3335,39.75,2.34,1161,56.13,5.46,766,Maintenance
LOOM3336,41.96,3.94,1162,57.73,5.79,501,Maintenance
LOOM3337,42.46,4.45,1162,57.93,5.44,953,Maintenance
LOOM3338,43.39,4.5,1169,56.51,5.61,1020,Maintenance
LOOM3339,42.0,4.77,1150,55.81,5.22,670,Maintenance
LOOM3340,39.05,3.12,1174,57.3,5.75,573,Maintenance
LOOM3341,42.06,4.62,1162,57.36,5.56,763,Maintenance
LOOM3342,42.12,4.71,1175,56.28,5.73,663,Maintenance
LOOM3343,43.74,3.79,1170,56.24,5.41,963,Maintenance
LOOM3344,43.61,3.42,1160,55.48,5.49,657,Maintenance
LOOM3345,39.09,2.24,1175,56.05,5.27,1119,Maintenance
LOOM3346,39.67,3.96,1160,55.45,5.43,573,Maintenance
LOOM3347,40.61,4.59,1176,55.66,5.32,825,Maintenance
LOOM3348,40.58,3.99,1175,55.7,5.4,1184,Maintenance
LOOM3349,42.6,2.46,1176,55.52,5.7,803,Maintenance
LOOM3350,42.32,4.86,1152,56.29,5.26,1179,Maintenance
LOOM3351,40.3,3.54,1185,56.02,5.36,609,Maintenance
LOOM3352,40.12,3.61,1152,55.13,5.66,729,Maintenance
LOOM3353,42.52,2.47,1155,55.53,5.32,677,Maintenance
LOOM3354,42.91,3.12,1168,56.53,5.93,615,Maintenance
LOOM3355,42.56,3.61,1177,56.63,5.63,911,Maintenance
LOOM3356,40.49,2.03,1157,56.59,5.41,1050,Maintenance
LOOM3357,39.29,2.93,1169,57.25,5.87,1189,Maintenance
LOOM3358,39.0,4.38,1161,56.71,5.6,1009,Maintenance
LOOM3359,41.21,3.57,1165,57.5,5.62,897,Maintenance
LOOM3360,42.19,2.85,1175,57.25,5.82,621,Maintenance
LOOM3361,41.98,4.17,1163,55.89,5.34,1125,Maintenance
LOOM3362,39.7,4.79,1159,55.54,5.35,517,Maintenance
LOOM3363,40.53,2.19,1168,55.49,5.4,722,Maintenance
LOOM3364,42.98,2.34,1181,57.81,5.93,1081,Maintenance
LOOM3365,42.86,4.1,1157,55.27,5.89,957,Maintenance
LOOM3366,39.77,4.28,1167,56.73,5.62,1167,Maintenance
LOOM3367,39.8,4.09,1157,57.21,5.22,724,Maintenance
LOOM3368,43.38,3.27,1151,57.21,5.8,502,Maintenance
LOOM3369,39.31,3.04,1162,57.24,5.63,698,Maintenance
LOOM3370,41.72,2.57,1156,55.01,5.71,834,Maintenance
LOOM3371,43.05,2.81,1183,57.7,5.64,501,Maintenance
LOOM3372,43.68,3.66,1160,57.77,5.87,1130,Maintenance
LOOM3373,39.85,4.34,1153,55.18,5.52,942,Maintenance
LOOM3374,39.82,3.37,1177,57.8,5.89,681,Maintenance
LOOM3375,43.22,4.98,1163,57.65,5.6,894,Maintenance
LOOM3376,42.37,4.65,1163,55.64,5.59,585,Maintenance
LOOM3377,41.53,3.9,1184,57.74,5.8,912,Maintenance
LOOM3378,39.89,3.36,1165,56.3,5.44,611,Maintenance
LOOM3379,39.0,2.22,1159,56.99,5.83,705,Maintenance
LOOM3380,43.5,4.15,1159,55.3,5.63,1020,Maintenance
LOOM3381,42.66,2.67,1161,56.38,5.68,564,Maintenance
LOOM3382,41.64,2.98,1151,56.22,5.92,1004,Maintenance
LOOM3383,40.93,3.95,1177,57.27,5.78,1095,Maintenance
LOOM3384,39.84,3.9,1184,56.57,5.89,772,Maintenance
LOOM3385,40.24,2.23,1158,56.4,5.56,919,Maintenance
LOOM3386,39.58,4.75,1157,56.06,5.67,1093,Maintenance
LOOM3387,43.27,3.93,1184,57.08,5.48,1009,Maintenance
LOOM3388,39.89,4.03,1159,57.1,5.5,908,Maintenance
LOOM3389,41.67,4.29,1172,56.72,5.28,831,Maintenance
LOOM3390,41.24,2.92,1182,56.78,5.91,666,Maintenance
LOOM3391,40.72,2.67,1167,57.01,5.7,509,Maintenance
LOOM3392,42.82,4.21,1158,56.74,5.69,955,Maintenance
LOOM3393,40.34,3.43,1176,56.27,5.99,811,Maintenance
LOOM3394,39.31,3.31,1175,56.45,5.65,1066,Maintenance
LOOM3395,42.91,3.37,1181,55.76,5.48,1132,Maintenance
LOOM3396,43.25,2.85,1167,55.23,5.61,1122,Maintenance
LOOM3397,43.01,4.54,1157,56.23,5.39,969,Maintenance
LOOM3398,41.59,3.89,1163,56.2,5.67,1046,Maintenance
LOOM3399,39.53,3.14,1184,55.08,5.43,510,Maintenance
LOOM3400,42.96,2.5,1182,57.42,5.9,834,Maintenance
LOOM3401,43.82,2.35,1152,55.49,5.31,969,Maintenance
LOOM3402,39.2,3.2,1185,56.81,5.25,1057,Maintenance
LOOM3403,39.9,3.6,1166,56.08,5.28,726,Maintenance
LOOM3404,39.0,4.63,1185,55.57,5.73,542,Maintenance
LOOM3405,40.65,2.92,1184,56.65,5.7,985,Maintenance
LOOM3406,40.31,4.56,1156,56.66,5.53,742,Maintenance
LOOM3407,39.07,4.78,1178,57.36,5.93,548,Maintenance
LOOM3408,39.0,2.14,1172,57.16,5.81,912,Maintenance
LOOM3409,39.51,4.67,1172,56.94,5.21,866,Maintenance
LOOM3410,40.94,2.29,1166,57.3,5.35,948,Maintenance
LOOM3411,43.89,3.99,1168,56.3,5.66,1014,Maintenance
LOOM3412,42.81,4.74,1151,56.96,5.62,665,Maintenance
LOOM3413,41.07,3.93,1152,55.09,5.7,708,Maintenance
LOOM3414,41.14,4.67,1157,55.14,5.42,802,Maintenance
LOOM3415,40.52,4.91,1158,56.8,5.95,902,Maintenance
LOOM3416,41.42,4.0,1177,56.68,5.94,883,Maintenance
LOOM3417,39.82,4.82,1174,55.43,5.82,619,Maintenance
LOOM3418,40.62,3.03,1177,57.62,5.31,935,Maintenance
LOOM3419,42.84,2.55,1161,55.37,5.21,741,Maintenance
LOOM3420,40.08,3.91,1168,56.32,5.22,1010,Maintenance
LOOM3421,40.54,4.7,1169,56.62,5.75,833,Maintenance
LOOM3422,40.86,2.67,1177,55.98,5.28,737,Maintenance
LOOM3423,41.67,2.94,1181,57.49,5.98,794,Maintenance
LOOM3424,40.67,3.04,1156,55.5,5.86,1110,Maintenance
LOOM3425,39.28,4.22,1175,55.38,5.35,593,Maintenance
LOOM3426,43.65,2.2,1180,55.71,5.82,646,Maintenance
LOOM3427,42.17,3.39,1160,56.28,5.42,1157,Maintenance
LOOM3428,41.73,2.74,1172,56.67,5.77,828,Maintenance
LOOM3429,41.77,2.51,1169,55.51,5.87,643,Maintenance
LOOM3430,42.56,2.94,1175,55.35,5.6,1000,Maintenance
LOOM3431,40.84,2.25,1154,55.16,5.93,1041,Maintenance
LOOM3432,43.26,2.14,1169,56.8,5.41,965,Maintenance
LOOM3433,40.54,3.41,1173,56.92,5.49,644,Maintenance
LOOM3434,40.49,4.62,1168,55.34,5.83,972,Maintenance
LOOM3435,39.6,3.74,1179,55.6,5.43,1117,Maintenance
LOOM3436,40.02,3.0,1181,56.53,5.22,699,Maintenance
LOOM3437,39.62,2.65,1155,57.62,5.25,705,Maintenance
LOOM3438,40.2,3.93,1161,56.28,5.23,985,Maintenance
LOOM3439,41.53,4.67,1185,55.2,5.84,991,Maintenance
LOOM3440,41.72,2.59,1168,57.48,5.55,823,Maintenance
LOOM3441,42.42,2.94,1157,56.34,5.44,834,Maintenance
LOOM3442,43.16,2.64,1170,57.19,5.59,1024,Maintenance
LOOM3443,39.25,3.54,1156,56.07,5.75,692,Maintenance
LOOM3444,40.46,4.61,1181,55.26,5.58,887,Maintenance
LOOM3445,43.67,3.78,1175,56.77,5.25,817,Maintenance
LOOM3446,40.12,4.44,1158,56.76,5.66,885,Maintenance
LOOM3447,42.15,3.29,1171,55.16,5.67,1099,Maintenance
LOOM3448,42.95,4.07,1157,55.14,5.68,848,Maintenance
LOOM3449,41.4,3.73,1184,57.72,5.87,1200,Maintenance
LOOM3450,42.54,2.49,1155,56.62,5.53,1034,Maintenance
LOOM3451,40.45,2.86,1168,56.17,5.79,1026,Maintenance
LOOM3452,42.88,2.89,1179,56.75,5.55,1074,Maintenance
LOOM3453,43.55,3.11,1181,55.99,5.77,856,Maintenance
LOOM3454,42.77,2.38,1183,57.23,5.87,552,Maintenance
LOOM3455,39.9,2.21,1179,57.19,5.69,1178,Maintenance
LOOM3456,43.23,4.52,1158,55.9,5.63,1154,Maintenance
LOOM3457,42.04,4.58,1155,56.39,5.94,1094,Maintenance
LOOM3458,41.65,4.75,1166,57.78,5.85,772,Maintenance
LOOM3459,42.97,2.62,1181,57.28,5.33,900,Maintenance
LOOM3460,43.91,2.31,1161,57.18,5.71,714,Maintenance
LOOM3461,41.64,3.03,1177,57.55,5.29,583,Maintenance
LOOM3462,41.89,3.83,1181,57.5,5.26,844,Maintenance
LOOM3463,41.88,4.66,1151,57.21,5.69,1086,Maintenance
LOOM3464,42.15,2.5,1156,56.34,5.66,879,Maintenance
LOOM3465,40.58,3.68,1177,57.77,5.67,726,Maintenance
LOOM3466,43.12,3.12,1170,57.23,5.63,521,Maintenance
LOOM3467,42.77,3.39,1150,57.31,5.74,699,Maintenance
LOOM3468,39.63,3.18,1157,55.37,5.39,1098,Maintenance
LOOM3469,39.4,2.75,1184,55.38,5.66,985,Maintenance
LOOM3470,40.54,3.94,1170,56.05,5.39,936,Maintenance
LOOM3471,39.21,2.18,1183,55.98,5.63,603,Maintenance
LOOM3472,43.28,4.15,1152,55.85,5.25,638,Maintenance
LOOM3473,40.5,4.14,1163,56.2,5.92,1043,Maintenance
LOOM3474,41.48,3.14,1175,55.42,5.55,722,Maintenance
LOOM3475,42.45,3.53,1175,56.71,5.37,747,Maintenance
LOOM3476,42.99,2.18,1150,56.88,5.64,940,Maintenance
LOOM3477,39.45,3.9,1168,56.35,5.4,1166,Maintenance
LOOM3478,40.67,3.16,1174,55.72,5.59,690,Maintenance
LOOM3479,40.79,4.37,1157,55.3,5.43,902,Maintenance
LOOM3480,43.78,3.84,1158,57.51,5.93,982,Maintenance
LOOM3481,41.43,3.37,1160,56.63,5.54,1165,Maintenance
LOOM3482,40.89,2.01,1165,55.88,5.62,886,Maintenance
LOOM3483,43.04,2.77,1176,55.23,5.91,1138,Maintenance
LOOM3484,44.0,3.39,1170,56.9,5.36,1048,Maintenance
LOOM3485,43.36,3.9,1169,56.23,5.41,882,Maintenance
LOOM3486,43.82,2.11,1185,56.64,5.31,719,Maintenance
LOOM3487,39.04,2.43,1176,55.63,5.31,1021,Maintenance
LOOM3488,43.36,2.79,1166,57.03,5.56,1041,Maintenance
LOOM3489,42.77,2.69,1170,57.38,5.94,1089,Maintenance
LOOM3490,41.06,4.39,1176,56.49,5.41,1175,Maintenance
LOOM3491,43.3,3.88,1150,56.71,5.34,1049,Maintenance
LOOM3492,42.82,2.83,1182,56.36,5.42,827,Maintenance
LOOM3493,42.77,3.05,1165,57.49,5.81,1050,Maintenance
LOOM3494,42.74,3.36,1181,55.37,5.41,701,Maintenance
LOOM3495,39.11,4.9,1185,57.88,5.99,608,Maintenance
LOOM3496,42.79,4.52,1167,57.33,5.81,535,Maintenance
LOOM3497,40.02,4.84,1182,57.28,5.92,1019,Maintenance
LOOM3498,41.47,3.65,1178,56.96,5.49,1024,Maintenance
LOOM3499,40.11,2.7,1175,55.85,5.58,514,Maintenance
LOOM3500,43.15,2.28,1150,56.82,5.7,615,Maintenance
LOOM3501,49.71,6.05,1145,54.13,6.87,1247,Critical
LOOM3502,45.93,5.38,1097,51.74,6.79,1280,Critical
LOOM3503,49.62,5.2,1101,54.31,6.23,1374,Critical
LOOM3504,48.06,7.17,1125,52.25,6.13,1749,Critical
LOOM3505,48.79,5.2,1087,53.54,6.49,2411,Critical
LOOM3506,49.19,5.82,1107,50.8,6.37,1691,Critical
LOOM3507,49.2,6.93,1087,53.11,6.71,1833,Critical
LOOM3508,45.49,6.9,1098,50.72,6.28,2153,Critical
LOOM3509,45.14,7.19,1140,50.76,6.39,1723,Critical
LOOM3510,49.33,6.72,1106,50.92,6.37,2215,Critical
LOOM3511,49.21,7.38,1103,51.45,6.27,1638,Critical
LOOM3512,45.86,5.3,1086,50.18,6.31,2276,Critical
LOOM3513,47.16,7.06,1107,50.25,6.01,2318,Critical
LOOM3514,47.0,7.08,1101,50.28,6.93,1271,Critical
LOOM3515,45.16,6.01,1110,51.95,6.8,1477,Critical
LOOM3516,45.35,6.08,1132,54.79,6.58,1220,Critical
LOOM3517,46.69,6.43,1120,50.15,6.1,1698,Critical
LOOM3518,45.68,7.87,1081,50.13,6.46,2460,Critical
LOOM3519,47.31,5.57,1084,53.27,6.17,1391,Critical
LOOM3520,45.55,6.62,1128,52.83,6.74,2167,Critical
LOOM3521,49.42,6.97,1143,50.71,6.12,1719,Critical
LOOM3522,46.58,7.77,1115,53.72,6.79,2215,Critical
LOOM3523,45.55,5.5,1088,52.37,6.01,1725,Critical
LOOM3524,46.53,6.22,1098,54.13,6.76,1800,Critical
LOOM3525,49.28,7.79,1096,50.92,6.14,2013,Critical
LOOM3526,45.08,6.03,1107,54.56,6.27,1368,Critical
LOOM3527,45.71,7.2,1082,52.92,6.31,2113,Critical
LOOM3528,48.99,6.42,1103,51.88,6.02,1574,Critical
LOOM3529,47.1,6.88,1120,50.47,6.92,2163,Critical
LOOM3530,47.04,6.95,1118,53.6,6.02,1474,Critical
LOOM3531,46.35,6.03,1125,52.92,6.35,1982,Critical
LOOM3532,45.19,5.32,1094,51.6,6.93,2390,Critical
LOOM3533,49.61,5.27,1135,52.7,6.4,1784,Critical
LOOM3534,48.66,7.41,1132,51.28,6.56,2252,Critical
LOOM3535,48.37,5.38,1139,51.9,6.06,1219,Critical
LOOM3536,47.5,5.81,1138,51.29,6.51,1672,Critical
LOOM3537,47.19,6.97,1091,54.88,6.11,1266,Critical
LOOM3538,47.45,6.86,1096,50.43,6.3,1303,Critical
LOOM3539,47.02,7.21,1105,51.97,6.96,2480,Critical
LOOM3540,45.64,5.59,1121,54.9,6.28,1750,Critical
LOOM3541,47.55,5.81,1085,52.52,6.12,2375,Critical
LOOM3542,49.83,6.23,1115,52.16,6.15,1219,Critical
LOOM3543,45.84,7.99,1105,53.72,6.49,1503,Critical
LOOM3544,49.33,6.08,1122,50.01,6.21,1646,Critical
LOOM3545,45.01,5.06,1128,51.24,6.29,2025,Critical
LOOM3546,47.27,6.78,1080,50.02,6.52,2363,Critical
LOOM3547,50.0,5.36,1095,52.03,6.0,2387,Critical
LOOM3548,49.77,7.55,1129,52.84,6.74,1511,Critical
LOOM3549,49.1,5.42,1143,51.01,6.46,2391,Critical
LOOM3550,48.37,7.84,1138,53.7,6.62,1995,Critical
LOOM3551,45.04,7.39,1123,51.5,6.99,1368,Critical
LOOM3552,49.71,7.6,1134,52.4,6.26,1701,Critical
LOOM3553,45.2,5.07,1145,51.39,6.22,2089,Critical
LOOM3554,45.59,5.29,1111,54.77,6.08,1396,Critical
LOOM3555,47.62,5.26,1091,53.31,6.56,1956,Critical
LOOM3556,48.47,5.99,1098,53.8,6.96,1832,Critical
LOOM3557,45.75,5.05,1113,54.02,6.66,1340,Critical
LOOM3558,46.82,5.97,1110,51.39,6.41,2114,Critical
LOOM3559,46.61,7.83,1112,51.42,6.89,1759,Critical
LOOM3560,49.32,6.3,1098,53.58,6.1,2327,Critical
LOOM3561,45.69,7.64,1082,54.05,6.71,2304,Critical
LOOM3562,49.55,7.07,1099,54.6,6.65,2251,Critical
LOOM3563,47.23,7.77,1116,54.84,6.15,2000,Critical
LOOM3564,45.7,6.59,1144,54.44,6.5,1865,Critical
LOOM3565,49.52,6.4,1125,53.19,6.19,1838,Critical
LOOM3566,45.8,7.79,1124,54.98,6.02,1803,Critical
LOOM3567,45.44,6.86,1097,52.76,6.33,2324,Critical
LOOM3568,45.58,6.26,1088,53.14,6.79,1870,Critical
LOOM3569,46.73,5.05,1130,50.57,6.03,2151,Critical
LOOM3570,48.01,5.66,1113,52.13,6.02,1374,Critical
LOOM3571,45.64,5.73,1098,52.29,6.03,1559,Critical
LOOM3572,46.0,7.71,1134,50.34,6.09,1260,Critical
LOOM3573,48.27,5.79,1127,50.06,6.74,2091,Critical
LOOM3574,48.76,5.67,1113,51.56,6.73,1825,Critical
LOOM3575,48.28,7.68,1136,52.09,6.22,2498,Critical
LOOM3576,46.5,7.48,1083,50.54,6.09,1684,Critical
LOOM3577,45.03,6.5,1106,54.82,6.31,1504,Critical
LOOM3578,46.3,6.05,1133,50.42,7.0,2295,Critical
LOOM3579,45.85,7.82,1092,53.75,6.13,2139,Critical
LOOM3580,48.34,5.55,1137,54.93,6.51,2056,Critical
LOOM3581,48.52,6.16,1124,54.66,6.78,1512,Critical
LOOM3582,49.28,5.83,1089,54.78,6.62,2105,Critical
LOOM3583,49.42,6.23,1136,52.55,6.84,2477,Critical
LOOM3584,46.47,6.4,1090,53.31,6.58,1625,Critical
LOOM3585,46.81,5.11,1093,54.03,6.3,2358,Critical
LOOM3586,47.42,5.9,1098,50.63,6.31,1756,Critical
LOOM3587,49.06,5.92,1119,53.63,6.88,1974,Critical
LOOM3588,47.74,7.84,1099,50.43,6.79,2086,Critical
LOOM3589,49.22,6.81,1125,50.82,6.26,1552,Critical
LOOM3590,45.09,6.2,1115,54.01,6.64,1380,Critical
LOOM3591,48.83,5.3,1143,53.87,6.55,1364,Critical
LOOM3592,47.66,6.39,1080,54.29,6.43,1828,Critical
LOOM3593,46.13,7.03,1116,52.5,6.86,1566,Critical
LOOM3594,48.62,6.58,1115,52.93,6.42,1247,Critical
LOOM3595,49.97,6.22,1082,51.74,6.1,1406,Critical
LOOM3596,49.96,5.55,1100,54.08,6.37,1601,Critical
LOOM3597,48.28,5.84,1103,51.24,6.03,2022,Critical
LOOM3598,45.25,6.83,1134,50.02,6.95,2217,Critical
LOOM3599,45.71,7.14,1144,51.93,6.99,1614,Critical
LOOM3600,45.82,8.0,1105,50.53,6.45,2412,Critical
LOOM3601,48.11,7.74,1086,50.4,6.81,1266,Critical
LOOM3602,49.69,5.63,1140,54.07,6.24,2216,Critical
LOOM3603,48.74,6.77,1139,53.81,6.55,1293,Critical
LOOM3604,48.9,5.31,1129,54.42,6.16,1926,Critical
LOOM3605,48.42,6.85,1086,53.61,6.26,2391,Critical
LOOM3606,48.24,7.54,1139,54.11,6.33,1946,Critical
LOOM3607,49.61,6.89,1089,51.03,6.44,1657,Critical
LOOM3608,46.69,5.5,1095,50.11,6.92,2343,Critical
LOOM3609,47.64,7.6,1136,52.61,6.0,1481,Critical
LOOM3610,48.9,6.8,1087,53.58,6.47,2050,Critical
LOOM3611,45.53,5.08,1145,50.56,6.62,1516,Critical
LOOM3612,45.65,5.61,1129,51.26,6.49,1447,Critical
LOOM3613,47.68,6.46,1109,50.2,6.88,2346,Critical
LOOM3614,49.32,7.7,1080,50.91,6.29,1230,Critical
LOOM3615,48.37,7.15,1126,53.92,6.47,2225,Critical
LOOM3616,45.16,5.51,1112,53.35,6.29,1476,Critical
LOOM3617,46.07,6.19,1103,50.81,6.82,2000,Critical
LOOM3618,47.93,7.37,1129,53.01,6.76,2329,Critical
LOOM3619,46.76,6.37,1130,53.33,6.02,2106,Critical
LOOM3620,48.41,6.07,1135,53.1,6.12,2383,Critical
LOOM3621,49.25,7.74,1126,53.48,6.94,1490,Critical
LOOM3622,45.45,5.16,1094,54.19,6.89,1497,Critical
LOOM3623,46.94,5.01,1081,51.09,6.36,2270,Critical
LOOM3624,48.83,7.68,1100,51.41,6.21,1430,Critical
LOOM3625,48.1,7.6,1097,51.44,6.86,2230,Critical
LOOM3626,45.33,5.07,1118,54.56,6.74,2430,Critical
LOOM3627,49.05,5.22,1081,51.58,6.23,1501,Critical
LOOM3628,45.5,7.73,1128,52.38,6.36,2326,Critical
LOOM3629,49.95,7.09,1131,53.56,6.25,2458,Critical
LOOM3630,49.31,5.7,1091,50.47,6.33,1442,Critical
LOOM3631,49.4,5.83,1143,52.1,6.77,1518,Critical
LOOM3632,47.45,7.46,1134,54.28,6.12,2167,Critical
LOOM3633,46.23,6.01,1094,50.68,6.77,2119,Critical
LOOM3634,49.54,5.99,1092,50.67,6.59,2352,Critical
LOOM3635,47.49,5.3,1126,51.3,6.38,1293,Critical
LOOM3636,48.81,7.44,1139,50.8,6.73,1238,Critical
LOOM3637,45.77,7.36,1135,53.79,6.84,1957,Critical
LOOM3638,48.86,6.27,1139,52.34,6.04,1332,Critical
LOOM3639,47.21,5.08,1106,50.31,6.5,1450,Critical
LOOM3640,46.81,7.42,1141,52.66,6.64,1670,Critical
LOOM3641,47.41,7.17,1107,50.49,6.32,1667,Critical
LOOM3642,47.65,7.33,1136,51.48,6.07,1817,Critical
LOOM3643,47.52,5.97,1138,53.36,6.38,1531,Critical
LOOM3644,47.81,6.0,1130,53.43,6.4,1502,Critical
LOOM3645,49.47,5.56,1118,54.99,6.45,2077,Critical
LOOM3646,46.25,5.03,1128,53.42,6.14,1338,Critical
LOOM3647,49.3,7.12,1123,51.04,6.55,2021,Critical
LOOM3648,47.38,7.07,1125,53.02,6.22,2283,Critical
LOOM3649,47.16,6.51,1140,53.04,6.41,1261,Critical
LOOM3650,48.99,6.55,1130,52.96,6.23,1317,Critical
LOOM3651,48.47,7.34,1110,51.3,6.35,1252,Critical
LOOM3652,48.44,7.83,1098,52.37,6.58,1371,Critical
LOOM3653,49.78,5.98,1137,52.15,6.26,1218,Critical
LOOM3654,46.57,7.05,1121,52.06,6.06,2170,Critical
LOOM3655,47.5,7.65,1143,53.55,6.34,1525,Critical
LOOM3656,47.18,5.23,1083,51.21,6.78,1731,Critical
LOOM3657,45.74,5.54,1106,54.3,6.75,1466,Critical
LOOM3658,47.28,5.62,1087,53.53,6.18,1501,Critical
LOOM3659,47.41,5.32,1089,54.18,6.83,2203,Critical
LOOM3660,47.13,5.36,1142,50.53,6.16,1803,Critical
LOOM3661,45.79,7.65,1127,50.57,6.27,2331,Critical
LOOM3662,47.02,6.66,1084,51.87,6.94,2070,Critical
LOOM3663,49.78,5.02,1102,50.94,6.9,2046,Critical
LOOM3664,49.97,7.95,1081,50.48,6.98,1745,Critical
LOOM3665,45.92,6.19,1143,54.14,6.06,2318,Critical
LOOM3666,45.13,5.21,1139,54.42,6.76,1642,Critical
LOOM3667,49.03,5.24,1104,52.23,6.78,1901,Critical
LOOM3668,48.43,7.82,1117,52.92,6.21,2046,Critical
LOOM3669,49.18,5.55,1115,51.88,6.22,1431,Critical
LOOM3670,49.32,6.32,1115,53.91,6.43,1694,Critical
LOOM3671,49.58,5.02,1108,54.79,6.03,2014,Critical
LOOM3672,48.78,5.98,1087,50.78,6.35,2454,Critical
LOOM3673,49.09,6.65,1093,53.49,6.22,2438,Critical
LOOM3674,46.12,6.39,1100,54.96,6.49,2307,Critical
LOOM3675,49.31,5.48,1095,54.11,6.22,1297,Critical
LOOM3676,46.49,7.32,1134,50.3,6.83,2059,Critical
LOOM3677,47.26,6.94,1101,52.27,6.17,1822,Critical
LOOM3678,46.78,5.62,1142,51.32,6.75,2400,Critical
LOOM3679,46.87,6.36,1080,52.53,6.55,1817,Critical
LOOM3680,49.08,6.26,1143,54.97,6.75,1244,Critical
LOOM3681,45.85,6.64,1093,52.83,6.84,1551,Critical
LOOM3682,47.98,5.5,1089,54.52,6.78,1812,Critical
LOOM3683,49.41,5.71,1084,51.4,6.54,1270,Critical
LOOM3684,47.92,5.52,1100,51.74,6.19,1622,Critical
LOOM3685,45.87,7.87,1111,51.79,6.04,1966,Critical
LOOM3686,49.53,7.42,1124,54.27,6.06,2466,Critical
LOOM3687,49.42,5.68,1123,51.42,6.8,1268,Critical
LOOM3688,46.13,6.21,1144,54.07,6.81,1783,Critical
LOOM3689,48.48,5.62,1104,53.78,6.25,1532,Critical
LOOM3690,46.47,5.74,1100,52.96,6.13,2300,Critical
LOOM3691,45.13,6.69,1109,50.61,6.83,1751,Critical
LOOM3692,48.76,5.27,1087,52.22,6.33,2425,Critical
LOOM3693,46.96,7.72,1097,54.76,6.12,1697,Critical
LOOM3694,49.83,6.2,1089,52.41,6.31,1961,Critical
LOOM3695,46.39,5.2,1081,51.92,6.6,1749,Critical
LOOM3696,48.2,6.7,1137,51.71,6.99,1400,Critical
LOOM3697,47.93,5.54,1137,50.38,6.23,2186,Critical
LOOM3698,46.86,7.17,1096,54.72,6.85,1761,Critical
LOOM3699,47.37,5.45,1145,53.15,6.4,1984,Critical
LOOM3700,45.51,7.72,1083,54.45,6.43,2118,Critical
LOOM3701,49.04,5.69,1080,52.86,6.16,2291,Critical
LOOM3702,49.51,5.95,1097,51.35,6.19,1416,Critical
LOOM3703,45.31,7.07,1122,51.77,6.32,1754,Critical
LOOM3704,46.05,7.32,1092,52.91,6.11,1686,Critical
LOOM3705,48.33,5.15,1136,52.43,6.59,1486,Critical
LOOM3706,46.3,6.82,1096,51.87,6.74,1468,Critical
LOOM3707,45.77,5.28,1110,53.54,6.25,1858,Critical
LOOM3708,48.5,6.62,1094,52.95,6.74,1215,Critical
LOOM3709,46.51,6.63,1143,50.21,6.49,1982,Critical
LOOM3710,49.15,5.59,1106,54.4,6.76,2406,Critical
LOOM3711,47.95,6.67,1125,50.48,6.87,1317,Critical
LOOM3712,45.83,6.4,1117,54.8,6.27,2264,Critical
LOOM3713,46.67,6.51,1125,53.68,6.53,2308,Critical
LOOM3714,45.86,7.32,1135,53.55,6.48,2028,Critical
LOOM3715,48.94,5.05,1145,51.33,6.48,2397,Critical
LOOM3716,48.89,6.09,1107,54.31,6.64,1853,Critical
LOOM3717,48.69,5.24,1130,50.84,6.16,1575,Critical
LOOM3718,49.35,5.03,1093,52.67,6.35,2030,Critical
LOOM3719,45.84,7.65,1118,52.24,6.55,1586,Critical
LOOM3720,47.94,5.76,1103,53.23,6.09,1547,Critical
LOOM3721,48.96,5.74,1115,50.44,6.57,1558,Critical
LOOM3722,47.97,7.36,1133,51.97,6.83,2108,Critical
LOOM3723,45.2,6.23,1080,51.31,6.83,1901,Critical
LOOM3724,49.14,5.16,1126,52.15,6.19,2177,Critical
LOOM3725,49.18,6.94,1082,53.59,6.61,1302,Critical
LOOM3726,48.69,5.25,1108,51.23,6.76,2303,Critical
LOOM3727,48.1,5.4,1118,54.18,6.09,2412,Critical
LOOM3728,46.11,7.56,1085,52.1,6.02,2283,Critical
LOOM3729,45.72,6.46,1084,51.6,6.28,1427,Critical
LOOM3730,49.62,7.25,1087,52.37,6.44,1465,Critical
LOOM3731,46.95,5.66,1125,50.05,6.57,1667,Critical
LOOM3732,47.32,5.6,1134,50.45,6.83,1500,Critical
LOOM3733,49.29,7.02,1106,54.92,6.89,2040,Critical
LOOM3734,45.57,6.93,1113,51.42,6.09,2091,Critical
LOOM3735,46.5,7.82,1092,51.95,6.28,1789,Critical
LOOM3736,45.58,7.25,1138,50.89,6.47,1995,Critical
LOOM3737,47.62,6.43,1133,54.47,6.75,2064,Critical
LOOM3738,49.29,5.63,1112,53.02,6.18,1292,Critical
LOOM3739,49.09,7.64,1088,52.37,6.86,1404,Critical
LOOM3740,47.56,6.32,1091,54.18,6.49,2460,Critical
LOOM3741,47.82,5.52,1103,50.21,6.17,2347,Critical
LOOM3742,46.1,5.92,1114,50.39,6.5,1648,Critical
LOOM3743,46.34,6.29,1122,53.98,6.5,1996,Critical
LOOM3744,47.86,6.35,1081,50.83,6.87,2297,Critical
LOOM3745,46.85,5.68,1097,52.09,6.57,1775,Critical
LOOM3746,48.44,5.52,1135,53.67,6.27,1224,Critical
LOOM3747,49.9,5.01,1123,51.14,6.87,2481,Critical
LOOM3748,49.43,6.45,1114,50.87,6.39,1770,Critical
LOOM3749,46.17,7.34,1082,54.18,6.03,1651,Critical
LOOM3750,47.38,5.23,1134,50.25,6.49,2500,Critical
LOOM3751,47.05,5.28,1108,52.28,6.96,2270,Critical
LOOM3752,46.31,5.64,1086,51.98,6.38,2310,Critical
LOOM3753,48.76,7.53,1124,54.39,6.26,2048,Critical
LOOM3754,49.25,5.39,1129,53.78,6.4,1337,Critical
LOOM3755,46.84,5.89,1091,52.6,6.82,2447,Critical
LOOM3756,47.86,7.82,1099,52.26,6.92,1541,Critical
LOOM3757,47.88,5.33,1119,51.67,6.7,2351,Critical
LOOM3758,46.93,5.87,1110,51.82,6.75,2077,Critical
LOOM3759,45.17,7.7,1109,53.53,6.44,2070,Critical
LOOM3760,47.96,5.74,1083,51.98,6.64,1632,Critical
LOOM3761,45.11,6.21,1095,52.74,6.14,1575,Critical
LOOM3762,47.1,7.66,1140,54.56,6.64,1366,Critical
LOOM3763,48.07,7.31,1137,52.54,6.51,1873,Critical
LOOM3764,46.09,7.28,1085,51.94,6.75,2372,Critical
LOOM3765,47.07,5.91,1101,53.48,6.69,2231,Critical
LOOM3766,48.78,7.96,1083,53.71,6.31,1860,Critical
LOOM3767,49.24,7.53,1118,52.86,6.14,1441,Critical
LOOM3768,48.47,5.18,1134,53.82,6.76,2316,Critical
LOOM3769,49.32,7.05,1136,50.15,6.39,1582,Critical
LOOM3770,49.19,7.29,1131,53.82,6.58,1230,Critical
LOOM3771,47.37,7.83,1102,53.83,6.51,2460,Critical
LOOM3772,45.4,7.99,1100,52.45,6.56,2057,Critical
LOOM3773,48.51,7.9,1106,53.86,6.23,1385,Critical
LOOM3774,47.29,7.74,1080,52.67,6.82,1830,Critical
LOOM3775,48.05,5.51,1117,50.79,6.21,2411,Critical
LOOM3776,47.68,7.86,1110,54.86,6.09,1686,Critical
LOOM3777,49.79,5.91,1082,50.56,6.36,2358,Critical
LOOM3778,48.05,6.26,1083,54.97,6.6,1330,Critical
LOOM3779,48.08,7.46,1136,50.95,6.37,2443,Critical
LOOM3780,47.65,7.88,1114,51.16,6.91,1769,Critical
LOOM3781,48.29,5.74,1086,53.49,6.78,1354,Critical
LOOM3782,47.33,6.62,1133,52.36,6.86,1211,Critical
LOOM3783,46.93,6.13,1114,53.32,6.68,1903,Critical
LOOM3784,49.42,6.58,1086,50.51,6.65,1717,Critical
LOOM3785,49.41,6.74,1098,54.51,6.65,1390,Critical
LOOM3786,46.64,5.6,1137,53.87,6.11,1311,Critical
LOOM3787,49.68,7.93,1132,53.15,6.04,1298,Critical
LOOM3788,46.02,6.54,1084,52.59,6.9,1334,Critical
LOOM3789,47.27,6.21,1101,53.0,6.41,1556,Critical
LOOM3790,48.26,7.31,1118,54.21,6.33,1261,Critical
LOOM3791,48.3,5.06,1098,52.58,6.66,1894,Critical
LOOM3792,49.76,5.55,1139,53.16,6.09,2058,Critical
LOOM3793,47.7,6.27,1094,53.6,6.88,1988,Critical
LOOM3794,49.29,5.51,1140,52.03,6.13,2341,Critical
LOOM3795,45.17,5.4,1082,51.2,6.12,1316,Critical
LOOM3796,48.18,7.41,1133,50.97,6.9,1741,Critical
LOOM3797,46.4,5.66,1128,53.15,6.18,1718,Critical
LOOM3798,46.67,6.57,1142,54.5,6.08,1222,Critical
LOOM3799,48.68,5.89,1098,51.49,6.66,1965,Critical
LOOM3800,46.07,6.79,1091,54.69,6.16,1656,Critical
LOOM3801,47.29,5.75,1103,52.76,6.27,2124,Critical
LOOM3802,47.03,7.45,1087,51.25,6.38,2119,Critical
LOOM3803,45.0,7.75,1117,51.21,6.32,1831,Critical
LOOM3804,45.21,6.06,1134,51.28,6.75,2291,Critical
LOOM3805,49.08,7.37,1115,53.4,6.97,2019,Critical
LOOM3806,49.14,5.82,1145,52.73,6.12,2367,Critical
LOOM3807,47.26,6.5,1127,51.38,6.71,2041,Critical
LOOM3808,45.76,5.59,1096,51.15,6.04,2025,Critical
LOOM3809,49.03,6.81,1132,51.42,6.07,1963,Critical
LOOM3810,47.91,6.7,1142,54.84,6.86,1556,Critical
LOOM3811,45.67,5.15,1112,50.93,6.52,1577,Critical
LOOM3812,45.83,6.23,1096,50.06,6.42,1348,Critical
LOOM3813,49.83,7.85,1132,50.88,6.89,1972,Critical
LOOM3814,48.05,6.77,1099,52.94,6.74,2322,Critical
LOOM3815,46.24,5.96,1141,54.33,6.4,2254,Critical
LOOM3816,47.32,6.49,1103,51.86,6.78,1225,Critical
LOOM3817,46.51,5.74,1102,50.24,6.95,1715,Critical
LOOM3818,49.48,7.44,1092,51.64,6.6,1588,Critical
LOOM3819,49.88,6.8,1099,54.96,6.4,1260,Critical
LOOM3820,45.02,5.2,1118,50.25,6.98,2155,Critical
LOOM3821,49.65,5.44,1088,54.78,6.3,1664,Critical
LOOM3822,49.26,7.61,1089,51.09,6.12,1618,Critical
LOOM3823,47.58,6.72,1121,50.76,6.64,2313,Critical
LOOM3824,47.35,5.1,1135,53.22,6.83,1985,Critical
LOOM3825,46.49,7.23,1097,51.48,6.01,2471,Critical
LOOM3826,49.85,6.95,1087,52.59,6.23,1675,Critical
LOOM3827,45.15,7.8,1134,52.14,6.94,1409,Critical
LOOM3828,48.11,5.78,1131,50.63,6.94,2316,Critical
LOOM3829,49.61,7.94,1084,53.25,6.86,2023,Critical
LOOM3830,47.67,7.64,1090,52.37,6.36,2486,Critical
LOOM3831,49.68,6.35,1132,52.05,6.94,2081,Critical
LOOM3832,47.86,7.93,1099,53.79,6.65,1794,Critical
LOOM3833,49.25,5.02,1111,53.98,6.31,1727,Critical
LOOM3834,45.6,5.49,1108,54.82,6.66,2187,Critical
LOOM3835,48.3,5.95,1131,50.48,6.05,2203,Critical
LOOM3836,47.48,6.93,1089,52.48,6.97,1327,Critical
LOOM3837,46.13,5.26,1102,54.83,6.15,1883,Critical
LOOM3838,49.17,7.23,1089,52.95,6.52,1596,Critical
LOOM3839,46.05,5.12,1118,53.66,6.81,1835,Critical
LOOM3840,46.38,6.35,1080,53.9,6.49,1252,Critical
LOOM3841,47.22,7.88,1133,54.33,6.77,1845,Critical
LOOM3842,49.93,7.77,1080,53.46,6.47,1858,Critical
LOOM3843,45.38,7.27,1089,53.93,6.63,2341,Critical
LOOM3844,49.27,7.92,1091,52.42,6.24,1540,Critical
LOOM3845,49.32,6.78,1090,51.34,6.38,1723,Critical
LOOM3846,45.19,7.44,1125,52.54,6.34,2315,Critical
LOOM3847,48.71,7.19,1092,51.6,6.84,1733,Critical
LOOM3848,46.36,7.4,1130,53.35,6.25,1439,Critical
LOOM3849,49.61,5.14,1142,54.11,6.0,1783,Critical
LOOM3850,45.06,5.74,1081,53.58,6.32,1838,Critical
LOOM3851,45.59,5.83,1082,54.97,6.25,2318,Critical
LOOM3852,45.75,5.24,1083,53.4,6.59,2006,Critical
LOOM3853,48.84,7.3,1085,51.19,6.37,2314,Critical
LOOM3854,47.77,7.05,1115,53.14,6.69,1243,Critical
LOOM3855,48.3,6.6,1081,50.76,6.32,2445,Critical
LOOM3856,48.49,5.27,1128,51.41,6.44,2429,Critical
LOOM3857,46.03,5.61,1110,51.71,6.42,1609,Critical
LOOM3858,45.28,5.57,1139,51.5,6.85,2230,Critical
LOOM3859,49.54,7.7,1135,52.44,6.51,2439,Critical
LOOM3860,47.79,7.98,1085,52.98,6.04,1440,Critical
LOOM3861,48.0,6.85,1116,54.33,6.08,1608,Critical
LOOM3862,48.4,7.73,1129,51.89,6.1,2300,Critical
LOOM3863,46.38,6.02,1086,51.71,6.8,1693,Critical
LOOM3864,45.93,5.36,1131,50.16,6.99,1525,Critical
LOOM3865,45.73,5.94,1140,53.39,6.48,1758,Critical
LOOM3866,46.82,5.84,1141,53.63,6.96,1316,Critical
LOOM3867,49.32,7.04,1097,54.59,6.9,1363,Critical
LOOM3868,47.22,5.19,1129,53.73,6.82,2372,Critical
LOOM3869,46.69,5.73,1114,52.11,6.79,1993,Critical
LOOM3870,49.99,5.4,1132,50.9,6.33,2380,Critical
LOOM3871,46.88,5.01,1109,54.88,6.14,1987,Critical
LOOM3872,45.37,6.6,1082,50.65,6.49,2337,Critical
LOOM3873,49.54,5.02,1129,52.58,6.05,1306,Critical
LOOM3874,46.97,5.12,1130,51.19,6.83,1959,Critical
LOOM3875,45.22,7.19,1091,53.23,6.43,1216,Critical
LOOM3876,48.12,6.76,1081,54.3,6.59,2413,Critical
LOOM3877,45.59,5.49,1110,53.2,6.14,1477,Critical
LOOM3878,45.12,5.79,1100,53.44,6.77,2142,Critical
LOOM3879,48.78,6.71,1126,51.16,6.11,1582,Critical
LOOM3880,49.85,5.12,1135,50.21,6.86,2149,Critical
LOOM3881,46.74,7.44,1143,54.67,6.66,1727,Critical
LOOM3882,49.06,7.94,1097,50.22,6.29,2340,Critical
LOOM3883,49.81,5.84,1116,54.63,6.23,1385,Critical
LOOM3884,45.62,5.05,1095,53.59,6.6,1912,Critical
LOOM3885,48.15,6.59,1116,54.43,6.85,1876,Critical
LOOM3886,46.99,6.22,1101,52.99,6.69,1505,Critical
LOOM3887,45.62,6.85,1086,51.57,6.41,1224,Critical
LOOM3888,46.17,7.43,1093,54.05,6.84,1834,Critical
LOOM3889,47.71,5.09,1081,51.48,6.86,1515,Critical
LOOM3890,48.79,7.71,1131,50.08,6.2,1328,Critical
LOOM3891,46.83,6.1,1089,51.87,6.2,1208,Critical
LOOM3892,45.34,5.69,1091,52.12,6.81,1847,Critical
LOOM3893,47.12,6.04,1136,52.86,6.37,1567,Critical
LOOM3894,46.28,5.23,1111,52.95,6.31,2361,Critical
LOOM3895,46.33,7.13,1113,53.66,6.37,1398,Critical
LOOM3896,48.4,5.96,1139,52.92,6.32,2142,Critical
LOOM3897,45.62,7.8,1090,53.79,6.93,2378,Critical
LOOM3898,47.66,6.3,1118,54.24,6.4,1639,Critical
LOOM3899,47.15,6.17,1095,52.77,6.19,1860,Critical
LOOM3900,48.57,6.48,1138,51.98,6.95,1966,Critical
LOOM3901,48.43,5.15,1103,54.85,6.99,2179,Critical
LOOM3902,49.24,7.4,1091,52.71,6.24,1212,Critical
LOOM3903,49.03,5.3,1103,50.82,6.6,2085,Critical
LOOM3904,47.44,5.65,1098,53.45,6.6,2181,Critical
LOOM3905,46.06,7.05,1106,52.83,6.86,1792,Critical
LOOM3906,46.3,5.56,1097,51.61,6.76,2008,Critical
LOOM3907,49.67,7.69,1138,51.88,6.86,1582,Critical
LOOM3908,46.29,6.32,1110,53.11,6.71,1658,Critical
LOOM3909,48.6,7.6,1098,50.23,6.24,1573,Critical
LOOM3910,45.11,5.28,1080,50.33,6.62,1666,Critical
LOOM3911,48.81,5.53,1115,51.47,6.21,1808,Critical
LOOM3912,47.47,5.21,1099,54.45,6.01,2189,Critical
LOOM3913,46.66,5.96,1090,51.64,6.27,1900,Critical
LOOM3914,45.63,6.17,1136,51.62,6.57,2447,Critical
LOOM3915,48.11,5.61,1108,50.62,6.0,2005,Critical
LOOM3916,48.94,7.95,1107,53.37,6.18,2085,Critical
LOOM3917,49.96,7.17,1099,54.57,6.49,2157,Critical
LOOM3918,47.33,5.61,1089,52.07,6.73,1269,Critical
LOOM3919,49.77,6.21,1118,53.65,6.03,2107,Critical
LOOM3920,45.02,6.68,1086,51.19,6.8,1886,Critical
LOOM3921,48.07,5.51,1144,53.98,6.14,1789,Critical
LOOM3922,45.42,7.47,1140,53.96,6.3,1309,Critical
LOOM3923,45.66,6.49,1082,53.38,6.87,2169,Critical
LOOM3924,48.91,6.1,1101,52.14,6.42,1960,Critical
LOOM3925,47.85,5.01,1135,54.15,6.01,1281,Critical
LOOM3926,46.23,6.21,1145,53.31,6.36,2026,Critical
LOOM3927,49.42,7.39,1132,53.64,6.28,2117,Critical
LOOM3928,46.34,6.79,1106,50.52,6.93,2402,Critical
LOOM3929,48.49,6.71,1142,53.74,6.84,1768,Critical
LOOM3930,49.21,6.79,1089,51.29,6.91,2236,Critical
LOOM3931,47.14,6.77,1120,54.07,6.01,1777,Critical
LOOM3932,47.99,7.4,1106,50.71,6.42,2093,Critical
LOOM3933,46.48,5.38,1108,54.88,6.26,1980,Critical
LOOM3934,45.51,5.3,1089,53.3,6.91,1874,Critical
LOOM3935,48.08,6.69,1123,51.14,6.02,1349,Critical
LOOM3936,45.91,6.35,1100,50.69,6.19,2411,Critical
LOOM3937,49.86,7.11,1118,54.7,6.3,1530,Critical
LOOM3938,46.71,7.15,1144,53.48,6.06,2251,Critical
LOOM3939,48.87,6.58,1096,51.03,6.53,2318,Critical
LOOM3940,48.24,5.17,1117,50.34,6.52,1987,Critical
LOOM3941,48.49,7.96,1105,53.49,6.26,1957,Critical
LOOM3942,47.0,6.4,1114,51.96,6.75,1864,Critical
LOOM3943,47.58,7.06,1114,52.84,6.8,1594,Critical
LOOM3944,49.42,6.62,1080,54.28,6.86,2110,Critical
LOOM3945,45.77,6.18,1095,50.25,6.54,2375,Critical
LOOM3946,49.4,6.25,1129,52.0,6.01,2057,Critical
LOOM3947,46.61,7.7,1137,53.42,6.41,1768,Critical
LOOM3948,46.65,7.0,1131,51.61,6.75,1934,Critical
LOOM3949,49.44,6.06,1102,51.27,6.43,1211,Critical
LOOM3950,45.03,6.16,1137,51.69,6.79,2049,Critical
LOOM3951,49.04,7.57,1117,53.42,6.36,2049,Critical
LOOM3952,46.91,5.77,1093,50.77,6.89,1819,Critical
LOOM3953,46.3,7.31,1140,54.66,6.0,1613,Critical
LOOM3954,46.01,6.22,1134,50.08,6.78,1851,Critical
LOOM3955,49.1,7.6,1088,52.26,6.96,2036,Critical
LOOM3956,45.97,7.65,1118,54.05,6.27,1634,Critical
LOOM3957,47.56,6.23,1102,50.23,6.69,1299,Critical
LOOM3958,47.7,7.21,1108,50.15,6.61,1769,Critical
LOOM3959,48.73,5.64,1081,52.92,6.43,1335,Critical
LOOM3960,49.12,6.43,1142,54.34,6.92,2379,Critical
LOOM3961,49.39,5.4,1114,51.68,6.15,1750,Critical
LOOM3962,45.55,6.09,1114,52.63,6.3,1286,Critical
LOOM3963,47.32,6.06,1128,53.76,6.49,2243,Critical
LOOM3964,49.87,5.04,1121,52.49,6.64,1656,Critical
LOOM3965,47.87,7.03,1123,52.92,6.63,2323,Critical
LOOM3966,45.23,6.97,1135,50.01,6.72,1713,Critical
LOOM3967,46.35,6.95,1085,54.01,6.97,1924,Critical
LOOM3968,49.56,6.8,1097,51.66,6.28,1235,Critical
LOOM3969,47.34,7.53,1099,50.2,6.1,2101,Critical
LOOM3970,48.32,6.41,1135,52.3,6.61,1432,Critical
LOOM3971,48.28,5.2,1134,53.69,6.99,2270,Critical
LOOM3972,48.61,5.6,1144,52.61,6.72,2441,Critical
LOOM3973,46.6,6.92,1130,53.48,6.81,1766,Critical
LOOM3974,45.53,6.26,1111,53.23,6.22,2079,Critical
LOOM3975,45.16,6.93,1128,53.58,6.76,1539,Critical
LOOM3976,47.3,7.52,1117,54.64,6.21,2108,Critical
LOOM3977,45.96,5.01,1131,50.91,6.59,1377,Critical
LOOM3978,46.86,7.95,1091,52.34,6.5,1803,Critical
LOOM3979,48.89,7.66,1126,54.11,6.56,2048,Critical
LOOM3980,48.11,6.78,1082,54.67,6.93,1682,Critical
LOOM3981,45.67,7.17,1108,53.27,6.12,2479,Critical
LOOM3982,47.51,6.74,1099,54.42,6.23,2373,Critical
LOOM3983,45.28,7.13,1134,51.58,6.27,2310,Critical
LOOM3984,48.14,6.34,1115,54.05,6.98,2389,Critical
LOOM3985,46.61,5.78,1136,52.1,6.31,1614,Critical
LOOM3986,47.97,5.23,1085,54.21,6.75,2147,Critical
LOOM3987,47.57,6.06,1088,51.6,6.6,2342,Critical
LOOM3988,47.91,6.11,1129,50.84,6.83,1630,Critical
LOOM3989,47.53,6.65,1136,52.06,6.53,1518,Critical
LOOM3990,49.8,7.06,1131,50.4,6.24,2017,Critical
LOOM3991,48.41,5.54,1083,53.16,6.33,1380,Critical
LOOM3992,47.74,7.42,1092,50.77,6.57,2305,Critical
LOOM3993,47.61,6.16,1092,52.55,6.13,1254,Critical
LOOM3994,48.24,6.47,1131,51.94,6.76,2420,Critical
LOOM3995,45.18,5.36,1138,52.93,6.22,1500,Critical
LOOM3996,47.95,5.43,1109,51.12,6.91,2247,Critical
LOOM3997,48.31,7.55,1118,53.04,6.45,1294,Critical
LOOM3998,46.21,5.95,1133,52.45,6.46,2457,Critical
LOOM3999,47.07,6.56,1108,54.98,6.19,1925,Critical
LOOM4000,48.45,5.04,1142,52.21,6.74,1549,Critical
LOOM4001,49.2,6.97,1107,50.5,6.33,2494,Critical
LOOM4002,45.21,7.53,1120,52.2,6.91,1932,Critical
LOOM4003,45.63,5.28,1141,53.09,6.68,1655,Critical
LOOM4004,47.58,7.13,1115,51.32,6.31,2242,Critical
LOOM4005,47.69,5.31,1089,51.56,6.31,2189,Critical
LOOM4006,49.75,6.95,1093,53.76,6.94,1860,Critical
LOOM4007,49.25,5.6,1136,50.57,6.63,2005,Critical
LOOM4008,49.1,7.33,1089,53.72,6.58,2096,Critical
LOOM4009,49.39,6.35,1137,52.69,6.87,1491,Critical
LOOM4010,46.16,7.92,1114,51.79,6.51,1739,Critical
LOOM4011,47.06,6.42,1117,50.12,6.76,1674,Critical
LOOM4012,49.1,6.27,1134,54.77,6.81,1335,Critical
LOOM4013,47.16,7.81,1120,52.4,6.76,2236,Critical
LOOM4014,48.31,7.61,1125,52.91,6.5,2127,Critical
LOOM4015,48.53,5.48,1098,53.31,6.23,2242,Critical
LOOM4016,46.97,6.68,1106,53.55,6.14,1381,Critical
LOOM4017,46.66,6.1,1118,53.21,7.0,1664,Critical
LOOM4018,46.13,5.9,1128,54.27,6.74,1341,Critical
LOOM4019,47.75,6.88,1112,52.69,6.58,1996,Critical
LOOM4020,45.12,6.4,1106,51.5,6.79,2164,Critical
LOOM4021,48.55,6.17,1095,51.73,6.63,1930,Critical
LOOM4022,47.72,6.95,1142,51.34,6.93,2448,Critical
LOOM4023,45.57,5.19,1080,51.68,6.95,1539,Critical
LOOM4024,45.38,6.99,1131,52.82,6.07,1787,Critical
LOOM4025,49.46,5.3,1118,54.19,6.67,1991,Critical
LOOM4026,48.5,5.18,1112,54.09,6.2,2197,Critical
LOOM4027,49.05,5.86,1096,52.96,6.72,1456,Critical
LOOM4028,47.68,5.87,1110,54.86,6.77,1258,Critical
LOOM4029,49.06,6.27,1124,54.85,6.75,2377,Critical
LOOM4030,48.63,6.76,1103,50.58,6.89,2051,Critical
LOOM4031,46.89,6.38,1128,54.95,6.41,1359,Critical
LOOM4032,45.01,7.99,1130,54.58,6.28,1265,Critical
LOOM4033,45.67,7.55,1096,50.67,6.7,1650,Critical
LOOM4034,46.34,6.77,1085,50.36,6.99,2096,Critical
LOOM4035,49.86,6.66,1133,52.44,6.62,1233,Critical
LOOM4036,45.47,7.59,1089,51.64,6.64,1765,Critical
LOOM4037,49.07,5.36,1117,50.13,6.16,1702,Critical
LOOM4038,48.88,6.05,1138,51.52,6.4,1938,Critical
LOOM4039,47.17,5.92,1128,54.07,6.11,1985,Critical
LOOM4040,46.23,7.25,1128,51.09,6.57,1930,Critical
LOOM4041,48.68,6.93,1122,51.78,6.76,1574,Critical
LOOM4042,47.43,6.32,1113,54.06,6.3,1292,Critical
LOOM4043,45.13,7.78,1121,50.01,6.18,1885,Critical
LOOM4044,46.72,7.19,1106,54.16,6.78,1755,Critical
LOOM4045,48.9,7.78,1112,54.38,6.4,1488,Critical
LOOM4046,45.9,7.73,1109,52.86,6.3,1693,Critical
LOOM4047,49.78,5.2,1126,51.38,6.73,1371,Critical
LOOM4048,46.87,6.45,1105,50.74,6.09,1733,Critical
LOOM4049,48.48,6.77,1139,52.95,6.32,1330,Critical
LOOM4050,45.67,7.06,1117,50.07,6.32,1699,Critical
LOOM4051,47.2,6.95,1134,50.47,6.19,2282,Critical
LOOM4052,49.02,6.51,1087,50.5,6.7,2183,Critical
LOOM4053,49.83,5.26,1106,52.91,6.32,1332,Critical
LOOM4054,46.25,6.3,1132,50.85,6.1,1230,Critical
LOOM4055,47.43,6.65,1138,50.49,6.62,2030,Critical
LOOM4056,48.15,5.96,1118,50.64,6.76,1308,Critical
LOOM4057,47.03,6.64,1080,50.71,6.43,2384,Critical
LOOM4058,48.28,5.73,1089,51.86,6.26,1601,Critical
LOOM4059,45.06,5.1,1103,50.98,6.19,2228,Critical
LOOM4060,47.16,6.01,1122,54.55,6.02,1868,Critical
LOOM4061,49.58,5.41,1116,53.7,6.1,1514,Critical
LOOM4062,45.14,6.23,1084,50.52,6.08,1854,Critical
LOOM4063,48.69,6.7,1082,50.48,6.86,2069,Critical
LOOM4064,49.46,5.62,1098,50.64,6.85,1769,Critical
LOOM4065,45.19,7.97,1109,54.35,6.59,1577,Critical
LOOM4066,48.32,5.14,1128,50.7,6.03,2457,Critical
LOOM4067,48.79,7.55,1094,53.79,6.26,1828,Critical
LOOM4068,46.05,6.73,1104,51.14,6.17,1571,Critical
LOOM4069,47.59,7.87,1094,53.98,6.16,2424,Critical
LOOM4070,46.27,7.5,1132,53.4,6.33,1643,Critical
LOOM4071,46.52,6.5,1118,53.86,6.3,2106,Critical
LOOM4072,47.14,5.01,1113,52.92,6.43,1595,Critical
LOOM4073,46.34,7.24,1125,51.24,6.75,2169,Critical
LOOM4074,48.13,7.6,1111,51.38,6.57,2480,Critical
LOOM4075,46.8,6.87,1109,51.78,6.83,1388,Critical
LOOM4076,46.67,5.53,1129,54.91,6.4,1880,Critical
LOOM4077,47.81,5.2,1142,53.82,6.39,1522,Critical
LOOM4078,46.85,5.74,1145,50.3,6.92,2052,Critical
LOOM4079,46.5,5.8,1127,51.1,6.4,2391,Critical
LOOM4080,48.49,5.48,1136,53.89,6.95,2006,Critical
LOOM4081,47.17,5.95,1109,51.69,6.56,2035,Critical
LOOM4082,45.64,6.9,1123,53.74,6.15,1614,Critical
LOOM4083,49.39,7.12,1129,52.47,6.59,1809,Critical
LOOM4084,45.52,6.42,1100,53.2,6.86,2056,Critical
LOOM4085,49.75,7.23,1108,51.62,6.21,1786,Critical
LOOM4086,47.05,5.99,1134,51.23,6.58,2045,Critical
LOOM4087,48.92,6.18,1098,51.48,6.47,1684,Critical
LOOM4088,48.08,7.26,1089,52.08,6.35,1659,Critical
LOOM4089,48.37,6.5,1092,51.97,6.78,1602,Critical
LOOM4090,48.47,5.27,1111,50.12,6.81,2170,Critical
LOOM4091,45.65,5.18,1101,53.88,6.77,1395,Critical
LOOM4092,46.37,6.84,1141,54.79,6.9,1239,Critical
LOOM4093,47.78,5.42,1115,52.87,6.12,1450,Critical
LOOM4094,49.9,6.19,1105,52.96,6.3,2105,Critical
LOOM4095,46.98,5.97,1115,54.19,6.75,2496,Critical
LOOM4096,45.82,7.53,1117,51.72,6.41,1591,Critical
LOOM4097,47.99,6.38,1118,50.06,6.4,2372,Critical
LOOM4098,46.31,7.54,1090,54.97,6.11,2047,Critical
LOOM4099,48.51,6.15,1117,52.84,6.09,2039,Critical
LOOM4100,47.26,7.02,1132,53.41,6.55,1647,Critical
LOOM4101,46.64,6.8,1084,50.52,6.39,1547,Critical
LOOM4102,46.75,7.32,1083,50.57,6.78,1705,Critical
LOOM4103,47.84,5.82,1084,53.81,6.08,1663,Critical
LOOM4104,46.16,7.92,1107,52.38,6.67,2187,Critical
LOOM4105,48.28,5.62,1115,52.67,6.1,1293,Critical
LOOM4106,49.13,6.64,1113,50.44,6.06,1345,Critical
LOOM4107,49.32,6.48,1107,50.19,6.99,2314,Critical
LOOM4108,45.46,6.2,1116,52.89,6.71,1370,Critical
LOOM4109,48.86,5.14,1119,53.28,6.92,1279,Critical
LOOM4110,45.75,6.69,1133,54.27,6.93,2027,Critical
LOOM4111,49.58,8.0,1089,54.38,6.6,1704,Critical
LOOM4112,46.46,5.37,1105,51.29,6.9,1874,Critical
LOOM4113,46.51,5.78,1099,54.98,6.21,1604,Critical
LOOM4114,45.37,5.18,1141,52.83,6.67,2194,Critical
LOOM4115,49.19,7.78,1092,51.03,6.54,1320,Critical
LOOM4116,45.4,7.36,1092,54.28,6.88,2214,Critical
LOOM4117,45.58,7.63,1092,52.91,6.31,1233,Critical
LOOM4118,49.98,5.91,1139,53.35,6.0,2266,Critical
LOOM4119,47.78,6.97,1117,50.46,6.13,2292,Critical
LOOM4120,47.3,6.9,1120,50.68,6.48,1353,Critical
LOOM4121,48.86,6.82,1135,52.38,6.51,2205,Critical
LOOM4122,46.9,7.58,1104,53.03,6.24,1363,Critical
LOOM4123,45.19,6.91,1118,53.07,6.11,1976,Critical
LOOM4124,45.61,6.73,1116,50.85,6.64,1443,Critical
LOOM4125,46.74,7.63,1089,53.55,6.08,1887,Critical
LOOM4126,46.09,5.15,1135,54.83,6.19,1336,Critical
LOOM4127,47.03,5.76,1124,51.69,7.0,1559,Critical
LOOM4128,48.79,6.49,1119,54.47,6.0,2496,Critical
LOOM4129,46.82,6.46,1088,54.67,6.47,2311,Critical
LOOM4130,47.99,6.84,1125,52.13,6.6,2237,Critical
LOOM4131,47.85,7.85,1108,54.91,6.03,1417,Critical
LOOM4132,47.95,6.89,1123,52.16,6.35,2023,Critical
LOOM4133,46.04,6.09,1144,51.48,6.15,1577,Critical
LOOM4134,47.24,7.17,1138,50.78,6.4,1940,Critical
LOOM4135,47.03,5.08,1128,54.37,6.48,1287,Critical
LOOM4136,45.42,7.58,1115,50.56,6.22,1974,Critical
LOOM4137,47.55,7.87,1133,54.31,6.26,2248,Critical
LOOM4138,47.23,7.42,1080,50.02,6.64,2043,Critical
LOOM4139,47.05,6.8,1114,54.94,6.8,1405,Critical
LOOM4140,47.43,6.61,1080,52.36,6.17,2227,Critical
LOOM4141,48.6,5.37,1100,50.7,6.14,1503,Critical
LOOM4142,45.9,6.67,1116,50.07,6.28,1869,Critical
LOOM4143,49.33,6.58,1125,55.0,6.59,1808,Critical
LOOM4144,45.16,5.82,1084,53.63,6.55,2126,Critical
LOOM4145,48.03,5.35,1127,54.45,6.1,1436,Critical
LOOM4146,49.68,6.04,1083,54.13,6.95,1843,Critical
LOOM4147,45.97,7.9,1136,54.64,6.16,2286,Critical
LOOM4148,47.96,7.77,1080,53.96,6.44,1440,Critical
LOOM4149,48.2,7.81,1126,54.78,6.56,1283,Critical
LOOM4150,47.99,6.39,1110,50.15,6.93,1235,Critical
LOOM4151,49.26,5.07,1118,50.51,6.29,1874,Critical
LOOM4152,46.21,5.23,1122,54.36,6.13,2245,Critical
LOOM4153,48.8,5.29,1113,51.44,6.56,2130,Critical
LOOM4154,46.44,7.65,1096,52.75,6.18,2244,Critical
LOOM4155,48.37,7.78,1108,50.11,6.22,1905,Critical
LOOM4156,47.49,7.74,1083,53.37,6.23,2343,Critical
LOOM4157,47.93,5.35,1098,50.49,6.82,2470,Critical
LOOM4158,48.63,7.16,1112,54.66,6.9,2024,Critical
LOOM4159,47.98,5.04,1122,52.76,6.96,2209,Critical
LOOM4160,48.92,6.78,1119,53.49,6.02,1769,Critical
LOOM4161,45.93,7.68,1080,54.17,6.6,2080,Critical
LOOM4162,47.83,5.15,1118,51.8,6.15,2444,Critical
LOOM4163,49.01,6.29,1128,50.33,6.05,1879,Critical
LOOM4164,47.1,5.72,1137,53.78,6.37,1288,Critical
LOOM4165,45.41,5.96,1136,52.07,6.93,2056,Critical
LOOM4166,48.32,5.21,1087,50.7,6.22,1241,Critical
LOOM4167,47.56,5.58,1131,53.08,6.16,2455,Critical
LOOM4168,49.24,5.89,1118,52.3,6.84,1569,Critical
LOOM4169,46.62,7.63,1081,52.66,6.68,1692,Critical
LOOM4170,48.72,7.7,1102,51.06,6.51,1265,Critical
LOOM4171,46.37,6.36,1096,51.54,6.72,1900,Critical
LOOM4172,46.23,7.62,1093,51.64,6.34,2139,Critical
LOOM4173,46.41,7.87,1083,51.92,6.83,2353,Critical
LOOM4174,49.04,5.04,1115,50.82,6.45,1689,Critical
LOOM4175,49.98,5.64,1098,53.1,6.34,2428,Critical
LOOM4176,46.46,5.54,1108,54.24,6.32,2301,Critical
LOOM4177,49.61,5.42,1129,51.13,6.28,1486,Critical
LOOM4178,48.03,6.18,1091,52.21,6.1,1805,Critical
LOOM4179,49.76,6.8,1096,50.13,6.09,2150,Critical
LOOM4180,47.71,7.31,1095,51.8,6.24,1560,Critical
LOOM4181,49.5,6.15,1106,52.37,6.99,1210,Critical
LOOM4182,46.98,7.96,1125,53.76,6.97,1448,Critical
LOOM4183,49.2,6.76,1144,50.23,6.53,1933,Critical
LOOM4184,45.04,5.45,1133,50.48,6.59,1417,Critical
LOOM4185,47.88,6.93,1107,51.87,6.23,2437,Critical
LOOM4186,47.44,6.81,1080,50.29,6.02,2391,Critical
LOOM4187,48.24,6.29,1128,50.73,6.84,1971,Critical
LOOM4188,48.58,7.03,1143,50.32,6.74,1924,Critical
LOOM4189,49.85,5.93,1137,52.9,6.62,1492,Critical
LOOM4190,46.13,5.86,1124,53.63,6.98,1479,Critical
LOOM4191,48.71,5.25,1129,53.25,6.47,2294,Critical
LOOM4192,48.84,5.85,1128,51.45,6.73,1701,Critical
LOOM4193,47.22,7.35,1095,53.07,6.94,1922,Critical
LOOM4194,45.98,6.84,1093,54.6,6.67,2221,Critical
LOOM4195,47.14,6.26,1134,51.7,6.34,2164,Critical
LOOM4196,48.24,7.28,1088,50.63,6.78,1527,Critical
LOOM4197,47.77,7.46,1121,52.38,6.05,1351,Critical
LOOM4198,48.99,6.87,1099,50.66,6.07,1433,Critical
LOOM4199,46.95,6.88,1136,50.12,6.63,2178,Critical
LOOM4200,48.16,5.61,1111,50.68,6.2,2195,Critical
LOOM4201,45.62,6.07,1099,50.36,6.14,2258,Critical
LOOM4202,48.6,6.94,1127,52.07,6.91,1371,Critical
LOOM4203,45.42,7.54,1119,50.96,6.04,1701,Critical
LOOM4204,47.27,6.01,1111,52.85,6.54,1504,Critical
LOOM4205,49.37,7.11,1089,51.04,6.26,1905,Critical
LOOM4206,48.0,6.88,1128,51.9,6.21,2180,Critical
LOOM4207,48.77,6.61,1113,50.52,6.66,1613,Critical
LOOM4208,49.01,6.49,1123,52.85,6.88,1898,Critical
LOOM4209,49.48,7.76,1097,50.21,6.1,1762,Critical
LOOM4210,48.34,5.09,1129,54.02,6.16,2076,Critical
LOOM4211,46.96,5.55,1136,54.33,6.88,1955,Critical
LOOM4212,45.32,5.43,1103,54.97,6.32,1907,Critical
LOOM4213,46.1,7.42,1111,52.45,6.83,2003,Critical
LOOM4214,46.57,7.25,1140,54.89,6.26,2103,Critical
LOOM4215,47.56,6.77,1100,50.82,6.81,2383,Critical
LOOM4216,46.44,6.1,1095,50.11,6.41,1482,Critical
LOOM4217,46.57,7.88,1096,54.85,6.42,1984,Critical
LOOM4218,47.67,6.0,1094,50.71,6.67,2063,Critical
LOOM4219,48.83,7.25,1133,53.55,6.18,1673,Critical
LOOM4220,48.7,7.11,1136,52.92,6.22,1751,Critical
LOOM4221,49.33,5.22,1094,51.51,6.87,1960,Critical
LOOM4222,49.51,5.56,1105,51.46,6.49,2326,Critical
LOOM4223,49.92,7.07,1080,51.43,6.34,2209,Critical
LOOM4224,48.62,6.39,1097,51.87,6.86,1796,Critical
LOOM4225,48.49,5.16,1083,51.02,6.65,2284,Critical
LOOM4226,45.67,5.88,1098,53.87,6.19,1519,Critical
LOOM4227,48.47,7.78,1114,51.58,6.72,2008,Critical
LOOM4228,47.44,7.3,1136,50.06,6.2,2490,Critical
LOOM4229,46.1,5.42,1134,51.0,6.11,1483,Critical
LOOM4230,49.42,7.48,1083,54.11,6.84,2260,Critical
LOOM4231,46.46,7.75,1096,51.94,6.25,2312,Critical
LOOM4232,46.02,7.98,1107,52.11,6.45,2380,Critical
LOOM4233,46.91,7.84,1145,50.83,6.98,2306,Critical
LOOM4234,48.03,6.5,1090,53.49,6.38,1887,Critical
LOOM4235,48.2,5.76,1116,54.45,6.88,2427,Critical
LOOM4236,45.67,6.69,1127,54.59,6.28,1306,Critical
LOOM4237,45.57,5.56,1113,53.11,6.76,1391,Critical
LOOM4238,49.54,7.79,1127,50.25,6.65,1201,Critical
LOOM4239,45.39,7.7,1117,51.96,6.48,2286,Critical
LOOM4240,48.58,7.68,1087,52.7,6.05,2272,Critical
LOOM4241,48.67,6.73,1084,51.43,6.64,1325,Critical
LOOM4242,46.41,5.82,1088,51.74,6.38,2242,Critical
LOOM4243,46.7,7.06,1122,50.95,6.63,1411,Critical
LOOM4244,46.37,6.94,1141,51.55,6.32,2235,Critical
LOOM4245,45.25,5.13,1081,50.52,6.4,1850,Critical
LOOM4246,46.91,6.34,1142,54.2,6.45,1737,Critical
LOOM4247,45.18,7.89,1084,50.77,6.46,1410,Critical
LOOM4248,47.02,6.82,1106,52.42,6.1,1391,Critical
LOOM4249,45.53,6.55,1129,52.12,6.8,2065,Critical
LOOM4250,45.56,6.71,1140,54.13,6.39,1929,Critical
LOOM4251,47.9,7.14,1105,53.32,6.16,1334,Critical
LOOM4252,47.38,5.13,1121,54.32,6.33,2298,Critical
LOOM4253,46.04,5.57,1125,53.22,6.07,1912,Critical
LOOM4254,47.11,6.32,1099,52.73,6.25,1690,Critical
LOOM4255,49.94,6.74,1145,50.82,6.16,2019,Critical
LOOM4256,48.3,5.28,1141,51.68,6.04,1876,Critical
LOOM4257,47.7,5.8,1134,52.14,6.48,1626,Critical
LOOM4258,45.02,7.62,1105,50.03,6.79,1898,Critical
LOOM4259,46.02,7.7,1139,50.89,6.75,2080,Critical
LOOM4260,47.96,7.43,1108,51.28,6.07,1959,Critical
LOOM4261,49.06,7.13,1101,51.6,6.87,1959,Critical
LOOM4262,49.72,6.28,1110,50.02,6.54,1590,Critical
LOOM4263,49.71,5.02,1140,50.63,6.72,1216,Critical
LOOM4264,48.19,7.3,1108,52.78,6.72,1541,Critical
LOOM4265,49.75,7.38,1140,52.28,6.75,1437,Critical
LOOM4266,45.6,7.28,1117,50.7,6.13,2184,Critical
LOOM4267,48.26,7.76,1105,50.01,6.6,1217,Critical
LOOM4268,47.21,5.25,1089,50.24,6.14,1770,Critical
LOOM4269,45.7,5.89,1117,52.44,6.89,1306,Critical
LOOM4270,46.74,6.98,1137,54.93,6.09,2467,Critical
LOOM4271,49.17,7.35,1134,54.67,6.68,2393,Critical
LOOM4272,48.15,5.33,1126,53.55,6.43,2016,Critical
LOOM4273,47.01,6.37,1117,50.2,6.61,1973,Critical
LOOM4274,47.62,5.7,1116,53.89,6.02,2459,Critical
LOOM4275,48.57,5.46,1116,54.72,6.99,1977,Critical
LOOM4276,48.41,6.09,1138,53.12,6.96,1573,Critical
LOOM4277,45.64,5.26,1089,53.8,6.24,2477,Critical
LOOM4278,48.52,6.38,1126,53.47,6.48,1698,Critical
LOOM4279,47.11,7.29,1122,52.46,6.64,1434,Critical
LOOM4280,45.41,7.83,1084,53.73,6.1,1341,Critical
LOOM4281,46.98,7.49,1099,52.1,6.03,1266,Critical
LOOM4282,45.67,6.05,1106,53.35,6.84,1888,Critical
LOOM4283,47.99,7.59,1106,51.1,6.29,2224,Critical
LOOM4284,48.57,6.07,1091,53.0,6.11,2368,Critical
LOOM4285,47.01,6.71,1112,51.92,6.97,2234,Critical
LOOM4286,49.62,7.95,1129,54.27,6.68,1691,Critical
LOOM4287,49.06,5.07,1106,50.46,6.99,2213,Critical
LOOM4288,48.46,7.45,1132,52.12,6.15,2261,Critical
LOOM4289,45.71,6.18,1122,51.32,6.89,1540,Critical
LOOM4290,49.94,6.49,1096,51.45,6.04,1270,Critical
LOOM4291,48.45,7.2,1098,50.1,6.39,1301,Critical
LOOM4292,45.43,7.0,1128,53.95,6.32,2406,Critical
LOOM4293,45.12,7.3,1115,51.04,6.14,1434,Critical
LOOM4294,47.0,6.96,1087,54.4,6.7,1605,Critical
LOOM4295,49.94,5.96,1133,54.23,6.91,1981,Critical
LOOM4296,47.99,7.29,1105,54.06,6.09,1319,Critical
LOOM4297,45.28,5.11,1086,52.63,6.6,1680,Critical
LOOM4298,45.33,6.33,1094,53.64,6.81,1834,Critical
LOOM4299,49.27,6.6,1085,50.87,6.64,1672,Critical
LOOM4300,46.68,7.86,1088,51.68,6.88,2429,Critical
LOOM4301,48.78,6.87,1086,53.11,6.23,1737,Critical
LOOM4302,48.53,6.9,1133,52.12,6.24,2055,Critical
LOOM4303,46.97,6.6,1083,52.56,6.81,1487,Critical
LOOM4304,49.93,7.02,1134,52.6,6.35,2371,Critical
LOOM4305,46.52,6.38,1112,53.85,6.85,1911,Critical
LOOM4306,49.56,5.66,1091,50.18,6.35,2323,Critical
LOOM4307,49.73,7.02,1111,50.04,6.61,2218,Critical
LOOM4308,49.65,6.81,1144,51.45,6.14,2342,Critical
LOOM4309,47.92,5.37,1119,50.7,6.42,1676,Critical
LOOM4310,47.37,6.22,1125,53.24,6.76,1412,Critical
LOOM4311,47.03,6.46,1141,53.45,6.1,2214,Critical
LOOM4312,47.39,7.61,1096,53.29,6.54,1643,Critical
LOOM4313,47.05,5.71,1125,50.12,6.73,2012,Critical
LOOM4314,49.4,7.35,1100,52.3,6.4,2412,Critical
LOOM4315,45.79,6.28,1135,52.22,6.83,2254,Critical
LOOM4316,45.06,7.1,1104,52.24,6.4,2009,Critical
LOOM4317,49.95,5.97,1103,52.75,6.64,2301,Critical
LOOM4318,49.84,5.0,1117,52.9,6.24,1851,Critical
LOOM4319,47.83,5.32,1121,51.71,6.48,2152,Critical
LOOM4320,45.76,5.97,1143,51.9,6.02,1584,Critical
LOOM4321,49.56,6.11,1083,51.59,6.92,1795,Critical
LOOM4322,45.62,6.32,1129,51.65,6.55,1585,Critical
LOOM4323,47.86,7.86,1097,52.95,6.95,1921,Critical
LOOM4324,49.34,6.05,1091,52.67,6.44,1433,Critical
LOOM4325,49.21,5.93,1134,50.2,6.87,1939,Critical
LOOM4326,48.87,5.01,1103,51.31,6.59,1570,Critical
LOOM4327,47.61,6.34,1142,51.75,6.46,1301,Critical
LOOM4328,48.13,6.93,1098,52.95,6.02,1408,Critical
LOOM4329,48.66,5.45,1081,50.32,6.51,2481,Critical
LOOM4330,45.18,5.83,1082,52.01,6.64,1905,Critical
LOOM4331,45.75,5.54,1109,54.25,6.41,1631,Critical
LOOM4332,49.1,6.9,1082,51.92,6.89,1227,Critical
LOOM4333,48.91,6.5,1105,50.1,6.14,1735,Critical
LOOM4334,48.93,7.71,1134,50.69,6.7,2375,Critical
LOOM4335,47.26,5.72,1116,54.97,6.7,1868,Critical
LOOM4336,47.47,7.35,1091,54.03,6.76,1824,Critical
LOOM4337,46.96,6.99,1127,54.51,6.68,2215,Critical
LOOM4338,46.28,7.16,1143,53.94,6.36,1822,Critical
LOOM4339,46.27,6.12,1112,51.65,6.07,1979,Critical
LOOM4340,48.28,7.69,1133,51.77,6.87,1606,Critical
LOOM4341,48.33,7.62,1144,50.99,6.3,1668,Critical
LOOM4342,48.31,7.78,1134,53.15,6.85,2212,Critical
LOOM4343,46.08,7.94,1118,52.59,6.24,1260,Critical
LOOM4344,49.3,7.43,1140,51.82,6.47,2240,Critical
LOOM4345,49.51,5.87,1100,53.87,6.65,2449,Critical
LOOM4346,47.8,6.97,1112,51.5,6.87,2081,Critical
LOOM4347,49.98,7.07,1084,51.78,6.76,1825,Critical
LOOM4348,46.6,5.18,1084,52.98,6.53,2021,Critical
LOOM4349,47.32,7.2,1081,50.26,6.2,1552,Critical
LOOM4350,49.59,7.27,1105,52.84,6.7,2115,Critical
LOOM4351,46.14,7.21,1098,54.22,6.59,1752,Critical
LOOM4352,48.17,7.77,1080,51.21,6.93,1329,Critical
LOOM4353,47.11,6.01,1124,50.55,6.04,1471,Critical
LOOM4354,48.45,6.91,1118,54.96,6.02,1578,Critical
LOOM4355,49.8,5.28,1106,51.72,6.88,1485,Critical
LOOM4356,49.54,6.79,1109,54.12,6.75,2470,Critical
LOOM4357,49.29,7.28,1104,50.39,6.72,1405,Critical
LOOM4358,45.56,5.72,1125,52.88,6.27,1541,Critical
LOOM4359,47.01,5.55,1138,54.09,6.15,2089,Critical
LOOM4360,49.2,6.14,1103,54.03,6.34,1304,Critical
LOOM4361,47.62,6.49,1104,52.77,6.68,1913,Critical
LOOM4362,46.46,7.86,1113,53.16,6.43,1283,Critical
LOOM4363,48.99,7.47,1090,52.92,6.32,1360,Critical
LOOM4364,47.38,7.71,1118,51.72,6.36,1650,Critical
LOOM4365,48.44,7.1,1133,50.68,6.19,1420,Critical
LOOM4366,47.08,5.6,1136,51.25,6.1,1487,Critical
LOOM4367,49.23,7.0,1140,51.87,6.42,1541,Critical
LOOM4368,48.81,5.77,1092,50.87,6.42,2252,Critical
LOOM4369,46.29,5.36,1136,51.96,6.01,2472,Critical
LOOM4370,49.66,6.27,1109,50.42,6.83,1692,Critical
LOOM4371,45.1,7.53,1123,54.75,6.44,2211,Critical
LOOM4372,49.71,5.93,1084,53.56,6.72,2408,Critical
LOOM4373,47.7,7.75,1096,54.57,6.7,2057,Critical
LOOM4374,47.2,7.03,1092,54.74,6.95,1640,Critical
LOOM4375,46.4,5.69,1084,51.54,6.34,1385,Critical
LOOM4376,48.29,6.95,1087,50.73,6.61,1696,Critical
LOOM4377,47.0,6.1,1098,52.76,6.79,1686,Critical
LOOM4378,45.54,5.77,1140,51.81,6.37,1975,Critical
LOOM4379,47.33,6.82,1088,50.55,6.33,2409,Critical
LOOM4380,45.12,5.86,1113,50.97,6.09,1615,Critical
LOOM4381,48.23,5.75,1127,51.13,6.8,1278,Critical
LOOM4382,48.43,7.57,1141,52.42,6.68,1419,Critical
LOOM4383,46.6,6.22,1094,54.74,6.94,2438,Critical
LOOM4384,45.63,7.71,1123,54.04,6.91,1637,Critical
LOOM4385,49.29,6.53,1134,50.71,6.61,1309,Critical
LOOM4386,48.66,6.47,1099,50.78,6.59,1704,Critical
LOOM4387,46.99,7.7,1121,52.21,6.68,2091,Critical
LOOM4388,48.89,5.34,1083,51.79,6.56,2124,Critical
LOOM4389,47.44,6.33,1117,51.73,6.59,2467,Critical
LOOM4390,49.2,5.24,1105,50.28,6.27,1304,Critical
LOOM4391,45.05,7.96,1080,50.65,6.65,2266,Critical
LOOM4392,46.22,6.48,1084,54.44,6.74,1834,Critical
LOOM4393,48.19,7.64,1101,52.97,6.5,2126,Critical
LOOM4394,48.81,5.14,1086,51.36,6.6,1621,Critical
LOOM4395,46.37,7.05,1138,53.4,6.3,1340,Critical
LOOM4396,47.68,7.17,1110,53.94,6.54,1397,Critical
LOOM4397,45.22,7.67,1096,52.23,6.07,1842,Critical
LOOM4398,45.5,5.73,1128,50.3,6.55,1527,Critical
LOOM4399,45.74,5.3,1101,51.81,6.24,1264,Critical
LOOM4400,48.85,7.22,1089,54.41,6.67,2271,Critical
LOOM4401,45.61,7.34,1132,51.11,6.84,1686,Critical
LOOM4402,47.69,7.03,1091,53.24,6.7,1702,Critical
LOOM4403,48.69,6.8,1139,53.75,6.59,1827,Critical
LOOM4404,48.24,6.29,1103,50.23,6.02,1465,Critical
LOOM4405,45.4,7.1,1092,53.9,6.97,1218,Critical
LOOM4406,47.28,6.3,1114,52.8,6.87,1256,Critical
LOOM4407,48.97,7.01,1121,50.52,6.22,1213,Critical
LOOM4408,47.65,5.24,1094,54.41,6.58,1364,Critical
LOOM4409,48.11,7.4,1118,51.81,6.93,2060,Critical
LOOM4410,48.03,5.43,1130,51.72,6.39,1435,Critical
LOOM4411,48.0,6.36,1143,50.39,6.44,1438,Critical
LOOM4412,48.44,7.03,1144,52.08,6.14,2071,Critical
LOOM4413,46.2,6.06,1093,50.67,6.4,1981,Critical
LOOM4414,49.62,6.32,1108,54.7,6.37,2212,Critical
LOOM4415,46.04,5.3,1141,53.74,6.82,1295,Critical
LOOM4416,45.83,5.42,1116,53.34,6.96,1818,Critical
LOOM4417,46.49,6.17,1128,50.88,6.42,1647,Critical
LOOM4418,45.0,7.85,1094,50.36,6.46,1398,Critical
LOOM4419,48.42,5.52,1093,51.87,6.3,1664,Critical
LOOM4420,45.56,6.19,1133,51.04,6.92,1736,Critical
LOOM4421,47.4,7.53,1129,51.57,6.54,2357,Critical
LOOM4422,46.94,6.53,1141,54.63,6.22,2328,Critical
LOOM4423,47.79,7.88,1080,50.14,6.54,2196,Critical
LOOM4424,48.41,7.76,1109,52.01,6.23,1361,Critical
LOOM4425,48.83,6.73,1103,53.73,6.14,2416,Critical
LOOM4426,45.57,6.93,1141,54.68,6.38,2425,Critical
LOOM4427,46.12,5.19,1113,50.25,6.74,1497,Critical
LOOM4428,47.9,5.25,1137,50.85,6.51,1775,Critical
LOOM4429,47.4,6.56,1082,50.44,6.11,2394,Critical
LOOM4430,48.86,7.84,1086,54.24,6.48,2117,Critical
LOOM4431,47.63,7.19,1112,54.16,6.48,1783,Critical
LOOM4432,47.91,6.35,1087,51.58,6.93,1476,Critical
LOOM4433,45.53,5.37,1115,52.73,6.41,1887,Critical
LOOM4434,49.94,6.07,1092,52.76,6.53,1408,Critical
LOOM4435,49.97,7.67,1081,52.16,6.49,2494,Critical
LOOM4436,49.0,7.56,1120,52.03,6.24,2035,Critical
LOOM4437,46.0,5.28,1139,54.91,6.37,1921,Critical
LOOM4438,47.24,5.53,1133,50.52,6.6,2446,Critical
LOOM4439,47.05,6.46,1144,50.36,6.57,1632,Critical
LOOM4440,47.63,7.07,1086,51.96,6.98,1541,Critical
LOOM4441,48.49,5.34,1106,53.22,6.01,1357,Critical
LOOM4442,47.13,6.48,1104,53.98,6.7,1435,Critical
LOOM4443,46.95,7.41,1104,52.11,6.12,1695,Critical
LOOM4444,45.38,6.84,1122,51.34,6.04,1292,Critical
LOOM4445,46.55,6.81,1087,51.21,6.67,2431,Critical
LOOM4446,46.79,5.89,1122,52.52,6.34,2062,Critical
LOOM4447,49.52,7.46,1110,53.4,6.92,2322,Critical
LOOM4448,48.79,5.37,1141,54.25,7.0,1646,Critical
LOOM4449,48.02,5.46,1121,53.89,6.89,1416,Critical
LOOM4450,47.19,5.82,1103,51.61,6.88,1336,Critical
LOOM4451,48.15,7.53,1112,54.16,6.87,1567,Critical
LOOM4452,49.52,5.32,1103,53.53,6.41,1276,Critical
LOOM4453,45.61,6.63,1109,52.86,6.26,1728,Critical
LOOM4454,45.49,5.62,1112,51.59,6.09,1997,Critical
LOOM4455,46.09,5.16,1111,50.04,6.77,2163,Critical
LOOM4456,47.99,6.56,1123,53.88,6.62,2402,Critical
LOOM4457,47.14,6.98,1126,54.41,6.58,2151,Critical
LOOM4458,45.68,5.83,1084,52.81,6.75,2439,Critical
LOOM4459,49.33,7.11,1138,52.42,6.78,1585,Critical
LOOM4460,46.64,7.84,1091,52.09,6.51,1336,Critical
LOOM4461,49.39,5.65,1140,50.96,6.43,1258,Critical
LOOM4462,47.39,5.41,1141,53.28,6.71,1222,Critical
LOOM4463,48.53,5.54,1096,53.25,6.65,1753,Critical
LOOM4464,45.47,6.85,1109,54.05,6.06,1703,Critical
LOOM4465,45.92,5.7,1120,51.54,6.01,2314,Critical
LOOM4466,45.5,7.37,1117,51.34,6.3,2332,Critical
LOOM4467,49.36,5.81,1083,50.79,6.28,1953,Critical
LOOM4468,45.04,6.8,1136,52.06,6.7,1386,Critical
LOOM4469,45.59,7.21,1134,53.29,6.98,2053,Critical
LOOM4470,49.95,5.02,1116,50.52,6.49,1594,Critical
LOOM4471,48.1,6.86,1088,54.49,6.47,1855,Critical
LOOM4472,46.56,6.91,1118,54.19,6.99,2497,Critical
LOOM4473,48.12,6.53,1102,51.93,6.08,1344,Critical
LOOM4474,45.14,5.6,1129,51.6,6.27,2383,Critical
LOOM4475,47.97,5.53,1102,51.21,6.38,1981,Critical
LOOM4476,47.16,6.99,1134,53.0,6.78,2367,Critical
LOOM4477,46.73,5.7,1129,50.47,6.25,1333,Critical
LOOM4478,48.13,6.63,1104,53.04,6.02,2472,Critical
LOOM4479,48.97,7.35,1119,50.63,6.65,1504,Critical
LOOM4480,46.47,6.14,1102,52.56,6.19,2039,Critical
LOOM4481,45.96,7.42,1109,54.76,6.26,2167,Critical
LOOM4482,46.85,7.82,1128,52.18,6.61,1276,Critical
LOOM4483,47.54,7.33,1126,54.06,6.18,1710,Critical
LOOM4484,48.64,5.53,1097,52.77,6.34,2121,Critical
LOOM4485,46.34,6.02,1082,52.89,6.35,2345,Critical
LOOM4486,48.17,7.81,1127,53.04,6.88,2182,Critical
LOOM4487,49.22,7.6,1111,52.85,6.81,2439,Critical
LOOM4488,49.37,6.27,1121,51.05,6.6,2163,Critical
LOOM4489,47.02,5.13,1138,50.62,6.55,1612,Critical
LOOM4490,45.02,7.29,1123,51.37,6.55,2132,Critical
LOOM4491,46.06,5.82,1116,53.7,6.61,2023,Critical
LOOM4492,48.33,6.55,1135,52.15,6.59,2451,Critical
LOOM4493,47.9,6.37,1132,53.5,6.46,1245,Critical
LOOM4494,49.36,7.6,1135,52.92,6.09,1734,Critical
LOOM4495,48.11,7.72,1090,50.13,6.76,2272,Critical
LOOM4496,46.3,7.85,1137,50.51,6.39,1934,Critical
LOOM4497,47.09,7.18,1080,53.26,6.08,2234,Critical
LOOM4498,47.11,5.06,1092,51.92,6.66,1734,Critical
LOOM4499,47.81,7.17,1103,51.02,6.69,1953,Critical
LOOM4500,48.05,6.92,1135,52.88,6.33,1769,Critical
LOOM4501,30.27,0.0,0,59.09,0.0,1372,Stopped
LOOM4502,33.47,0.0,0,54.09,0.0,2361,Stopped
LOOM4503,33.54,0.0,0,52.29,0.0,1405,Stopped
LOOM4504,30.18,0.0,0,51.36,0.0,1082,Stopped
LOOM4505,34.31,0.0,0,57.95,0.0,1780,Stopped
LOOM4506,28.5,0.0,0,58.31,0.0,2199,Stopped
LOOM4507,32.11,0.0,0,59.0,0.0,1825,Stopped
LOOM4508,28.87,0.0,0,59.59,0.0,532,Stopped
LOOM4509,30.31,0.0,0,59.8,0.0,985,Stopped
LOOM4510,31.77,0.0,0,58.71,0.0,2009,Stopped
LOOM4511,30.99,0.0,0,51.72,0.0,1541,Stopped
LOOM4512,34.12,0.0,0,53.01,0.0,292,Stopped
LOOM4513,32.4,0.0,0,57.61,0.0,1021,Stopped
LOOM4514,31.62,0.0,0,52.88,0.0,1001,Stopped
LOOM4515,33.31,0.0,0,54.07,0.0,2290,Stopped
LOOM4516,34.08,0.0,0,56.71,0.0,802,Stopped
LOOM4517,30.26,0.0,0,53.51,0.0,77,Stopped
LOOM4518,33.04,0.0,0,50.85,0.0,325,Stopped
LOOM4519,33.95,0.0,0,51.41,0.0,2249,Stopped
LOOM4520,32.05,0.0,0,56.01,0.0,344,Stopped
LOOM4521,34.77,0.0,0,56.1,0.0,853,Stopped
LOOM4522,28.01,0.0,0,52.94,0.0,2063,Stopped
LOOM4523,34.02,0.0,0,51.47,0.0,2005,Stopped
LOOM4524,31.22,0.0,0,55.24,0.0,1944,Stopped
LOOM4525,28.34,0.0,0,52.16,0.0,1341,Stopped
LOOM4526,30.9,0.0,0,50.52,0.0,795,Stopped
LOOM4527,33.23,0.0,0,52.16,0.0,1245,Stopped
LOOM4528,32.76,0.0,0,52.11,0.0,2437,Stopped
LOOM4529,29.81,0.0,0,55.09,0.0,2448,Stopped
LOOM4530,30.64,0.0,0,57.39,0.0,1001,Stopped
LOOM4531,29.63,0.0,0,55.37,0.0,616,Stopped
LOOM4532,29.37,0.0,0,53.71,0.0,1727,Stopped
LOOM4533,28.62,0.0,0,57.14,0.0,195,Stopped
LOOM4534,31.14,0.0,0,52.2,0.0,508,Stopped
LOOM4535,34.2,0.0,0,53.01,0.0,1463,Stopped
LOOM4536,31.23,0.0,0,58.86,0.0,708,Stopped
LOOM4537,32.73,0.0,0,58.9,0.0,1589,Stopped
LOOM4538,29.72,0.0,0,53.92,0.0,2204,Stopped
LOOM4539,30.19,0.0,0,50.41,0.0,2270,Stopped
LOOM4540,34.4,0.0,0,56.05,0.0,2031,Stopped
LOOM4541,29.85,0.0,0,54.96,0.0,1533,Stopped
LOOM4542,32.29,0.0,0,56.84,0.0,980,Stopped
LOOM4543,34.59,0.0,0,58.39,0.0,1369,Stopped
LOOM4544,28.97,0.0,0,53.54,0.0,779,Stopped
LOOM4545,31.12,0.0,0,54.6,0.0,1039,Stopped
LOOM4546,34.15,0.0,0,58.69,0.0,983,Stopped
LOOM4547,31.33,0.0,0,54.66,0.0,2283,Stopped
LOOM4548,31.33,0.0,0,50.25,0.0,615,Stopped
LOOM4549,28.16,0.0,0,58.67,0.0,1725,Stopped
LOOM4550,31.27,0.0,0,50.81,0.0,2444,Stopped
LOOM4551,31.12,0.0,0,52.0,0.0,361,Stopped
LOOM4552,28.53,0.0,0,57.54,0.0,850,Stopped
LOOM4553,32.56,0.0,0,52.08,0.0,2409,Stopped
LOOM4554,28.41,0.0,0,50.32,0.0,190,Stopped
LOOM4555,32.0,0.0,0,52.78,0.0,137,Stopped
LOOM4556,33.57,0.0,0,53.73,0.0,1462,Stopped
LOOM4557,33.08,0.0,0,51.5,0.0,1189,Stopped
LOOM4558,33.06,0.0,0,53.43,0.0,2151,Stopped
LOOM4559,34.88,0.0,0,58.0,0.0,1731,Stopped
LOOM4560,30.56,0.0,0,53.42,0.0,738,Stopped
LOOM4561,34.4,0.0,0,58.65,0.0,533,Stopped
LOOM4562,34.59,0.0,0,54.3,0.0,130,Stopped
LOOM4563,32.42,0.0,0,59.15,0.0,55,Stopped
LOOM4564,34.03,0.0,0,50.37,0.0,1910,Stopped
LOOM4565,28.2,0.0,0,60.0,0.0,322,Stopped
LOOM4566,28.49,0.0,0,57.36,0.0,1260,Stopped
LOOM4567,32.09,0.0,0,57.53,0.0,1481,Stopped
LOOM4568,33.77,0.0,0,50.78,0.0,2457,Stopped
LOOM4569,32.83,0.0,0,55.98,0.0,2325,Stopped
LOOM4570,32.14,0.0,0,53.99,0.0,1287,Stopped
LOOM4571,34.96,0.0,0,50.87,0.0,416,Stopped
LOOM4572,32.78,0.0,0,53.18,0.0,880,Stopped
LOOM4573,33.24,0.0,0,54.48,0.0,1133,Stopped
LOOM4574,30.81,0.0,0,50.77,0.0,1255,Stopped
LOOM4575,31.29,0.0,0,54.25,0.0,380,Stopped
LOOM4576,31.58,0.0,0,57.64,0.0,1672,Stopped
LOOM4577,31.58,0.0,0,56.69,0.0,1149,Stopped
LOOM4578,33.04,0.0,0,57.33,0.0,1685,Stopped
LOOM4579,30.8,0.0,0,56.51,0.0,1570,Stopped
LOOM4580,31.83,0.0,0,51.47,0.0,64,Stopped
LOOM4581,33.18,0.0,0,57.12,0.0,1510,Stopped
LOOM4582,30.83,0.0,0,59.78,0.0,2400,Stopped
LOOM4583,30.62,0.0,0,55.27,0.0,277,Stopped
LOOM4584,29.93,0.0,0,51.64,0.0,953,Stopped
LOOM4585,32.84,0.0,0,50.04,0.0,739,Stopped
LOOM4586,32.02,0.0,0,51.86,0.0,1731,Stopped
LOOM4587,34.36,0.0,0,58.55,0.0,1292,Stopped
LOOM4588,29.95,0.0,0,54.81,0.0,991,Stopped
LOOM4589,32.36,0.0,0,54.22,0.0,637,Stopped
LOOM4590,28.47,0.0,0,50.55,0.0,275,Stopped
LOOM4591,29.51,0.0,0,50.88,0.0,1591,Stopped
LOOM4592,30.63,0.0,0,53.08,0.0,1259,Stopped
LOOM4593,31.16,0.0,0,52.44,0.0,2260,Stopped
LOOM4594,32.14,0.0,0,50.9,0.0,1858,Stopped
LOOM4595,33.13,0.0,0,55.0,0.0,686,Stopped
LOOM4596,29.83,0.0,0,52.99,0.0,1238,Stopped
LOOM4597,33.79,0.0,0,50.03,0.0,1340,Stopped
LOOM4598,32.24,0.0,0,52.82,0.0,68,Stopped
LOOM4599,34.51,0.0,0,57.46,0.0,681,Stopped
LOOM4600,34.41,0.0,0,52.26,0.0,2066,Stopped
LOOM4601,31.37,0.0,0,52.26,0.0,1463,Stopped
LOOM4602,34.94,0.0,0,55.37,0.0,1664,Stopped
LOOM4603,30.9,0.0,0,59.26,0.0,2035,Stopped
LOOM4604,31.35,0.0,0,50.96,0.0,369,Stopped
LOOM4605,34.79,0.0,0,59.19,0.0,312,Stopped
LOOM4606,31.54,0.0,0,51.88,0.0,578,Stopped
LOOM4607,30.49,0.0,0,53.74,0.0,1095,Stopped
LOOM4608,34.3,0.0,0,59.7,0.0,1303,Stopped
LOOM4609,31.74,0.0,0,50.79,0.0,860,Stopped
LOOM4610,34.66,0.0,0,59.36,0.0,2203,Stopped
LOOM4611,30.55,0.0,0,51.68,0.0,487,Stopped
LOOM4612,31.42,0.0,0,56.02,0.0,1407,Stopped
LOOM4613,34.14,0.0,0,58.07,0.0,237,Stopped
LOOM4614,33.66,0.0,0,55.23,0.0,311,Stopped
LOOM4615,34.42,0.0,0,59.71,0.0,2269,Stopped
LOOM4616,34.85,0.0,0,53.3,0.0,2125,Stopped
LOOM4617,33.88,0.0,0,59.73,0.0,453,Stopped
LOOM4618,30.64,0.0,0,53.45,0.0,728,Stopped
LOOM4619,29.51,0.0,0,52.06,0.0,397,Stopped
LOOM4620,32.11,0.0,0,53.11,0.0,2342,Stopped
LOOM4621,28.64,0.0,0,58.92,0.0,168,Stopped
LOOM4622,33.13,0.0,0,59.93,0.0,2182,Stopped
LOOM4623,28.46,0.0,0,52.58,0.0,1577,Stopped
LOOM4624,29.32,0.0,0,51.27,0.0,2485,Stopped
LOOM4625,34.87,0.0,0,51.73,0.0,643,Stopped
LOOM4626,28.72,0.0,0,56.08,0.0,1515,Stopped
LOOM4627,32.02,0.0,0,57.45,0.0,991,Stopped
LOOM4628,34.85,0.0,0,58.47,0.0,2406,Stopped
LOOM4629,33.15,0.0,0,51.02,0.0,259,Stopped
LOOM4630,31.61,0.0,0,51.55,0.0,791,Stopped
LOOM4631,30.07,0.0,0,59.9,0.0,1211,Stopped
LOOM4632,33.07,0.0,0,50.88,0.0,1021,Stopped
LOOM4633,28.59,0.0,0,58.83,0.0,1459,Stopped
LOOM4634,30.54,0.0,0,58.49,0.0,257,Stopped
LOOM4635,30.25,0.0,0,50.39,0.0,241,Stopped
LOOM4636,33.66,0.0,0,52.97,0.0,1842,Stopped
LOOM4637,31.09,0.0,0,50.88,0.0,408,Stopped
LOOM4638,34.26,0.0,0,56.17,0.0,1668,Stopped
LOOM4639,30.52,0.0,0,55.49,0.0,1281,Stopped
LOOM4640,30.24,0.0,0,54.07,0.0,1770,Stopped
LOOM4641,29.66,0.0,0,58.0,0.0,1333,Stopped
LOOM4642,34.92,0.0,0,53.04,0.0,2287,Stopped
LOOM4643,33.19,0.0,0,51.84,0.0,2420,Stopped
LOOM4644,28.69,0.0,0,54.07,0.0,2449,Stopped
LOOM4645,29.87,0.0,0,51.53,0.0,1707,Stopped
LOOM4646,30.15,0.0,0,50.82,0.0,421,Stopped
LOOM4647,28.16,0.0,0,59.72,0.0,1566,Stopped
LOOM4648,34.88,0.0,0,53.81,0.0,382,Stopped
LOOM4649,28.12,0.0,0,58.95,0.0,2156,Stopped
LOOM4650,32.46,0.0,0,51.6,0.0,1024,Stopped
LOOM4651,28.94,0.0,0,57.4,0.0,1656,Stopped
LOOM4652,31.75,0.0,0,54.17,0.0,2062,Stopped
LOOM4653,34.48,0.0,0,51.52,0.0,342,Stopped
LOOM4654,32.43,0.0,0,54.99,0.0,1647,Stopped
LOOM4655,29.19,0.0,0,57.82,0.0,2328,Stopped
LOOM4656,33.45,0.0,0,59.55,0.0,124,Stopped
LOOM4657,31.7,0.0,0,56.31,0.0,2033,Stopped
LOOM4658,32.01,0.0,0,59.32,0.0,353,Stopped
LOOM4659,33.22,0.0,0,50.11,0.0,2329,Stopped
LOOM4660,29.61,0.0,0,56.62,0.0,1440,Stopped
LOOM4661,31.45,0.0,0,57.6,0.0,2257,Stopped
LOOM4662,32.39,0.0,0,50.49,0.0,824,Stopped
LOOM4663,29.11,0.0,0,50.31,0.0,1897,Stopped
LOOM4664,34.39,0.0,0,52.67,0.0,1391,Stopped
LOOM4665,32.31,0.0,0,57.35,0.0,1040,Stopped
LOOM4666,33.64,0.0,0,55.57,0.0,500,Stopped
LOOM4667,29.01,0.0,0,53.5,0.0,1209,Stopped
LOOM4668,30.34,0.0,0,59.01,0.0,183,Stopped
LOOM4669,30.32,0.0,0,59.96,0.0,94,Stopped
LOOM4670,32.95,0.0,0,51.47,0.0,2113,Stopped
LOOM4671,30.8,0.0,0,58.06,0.0,179,Stopped
LOOM4672,30.02,0.0,0,50.29,0.0,745,Stopped
LOOM4673,29.84,0.0,0,54.19,0.0,1468,Stopped
LOOM4674,33.93,0.0,0,58.86,0.0,1079,Stopped
LOOM4675,31.16,0.0,0,58.05,0.0,2486,Stopped
LOOM4676,34.76,0.0,0,50.42,0.0,2373,Stopped
LOOM4677,28.16,0.0,0,58.71,0.0,2058,Stopped
LOOM4678,34.8,0.0,0,55.84,0.0,1353,Stopped
LOOM4679,31.05,0.0,0,59.63,0.0,1063,Stopped
LOOM4680,29.43,0.0,0,50.94,0.0,1593,Stopped
LOOM4681,30.3,0.0,0,58.41,0.0,1767,Stopped
LOOM4682,33.64,0.0,0,52.21,0.0,2289,Stopped
LOOM4683,31.44,0.0,0,55.09,0.0,2090,Stopped
LOOM4684,31.1,0.0,0,58.8,0.0,1423,Stopped
LOOM4685,30.98,0.0,0,59.83,0.0,973,Stopped
LOOM4686,28.52,0.0,0,53.89,0.0,214,Stopped
LOOM4687,30.92,0.0,0,51.28,0.0,565,Stopped
LOOM4688,33.9,0.0,0,50.23,0.0,361,Stopped
LOOM4689,34.95,0.0,0,57.99,0.0,792,Stopped
LOOM4690,31.89,0.0,0,50.09,0.0,1144,Stopped
LOOM4691,31.37,0.0,0,55.89,0.0,1831,Stopped
LOOM4692,34.32,0.0,0,50.8,0.0,2365,Stopped
LOOM4693,32.31,0.0,0,52.14,0.0,68,Stopped
LOOM4694,29.45,0.0,0,51.21,0.0,1050,Stopped
LOOM4695,34.0,0.0,0,55.21,0.0,1321,Stopped
LOOM4696,33.11,0.0,0,55.6,0.0,2332,Stopped
LOOM4697,30.03,0.0,0,50.73,0.0,499,Stopped
LOOM4698,29.82,0.0,0,58.09,0.0,195,Stopped
LOOM4699,34.7,0.0,0,52.33,0.0,1804,Stopped
LOOM4700,28.9,0.0,0,52.39,0.0,1468,Stopped
LOOM4701,34.18,0.0,0,59.57,0.0,1674,Stopped
LOOM4702,31.32,0.0,0,56.4,0.0,2311,Stopped
LOOM4703,30.32,0.0,0,52.21,0.0,1613,Stopped
LOOM4704,31.45,0.0,0,58.08,0.0,1047,Stopped
LOOM4705,34.05,0.0,0,57.59,0.0,1654,Stopped
LOOM4706,33.7,0.0,0,55.29,0.0,1695,Stopped
LOOM4707,33.84,0.0,0,53.32,0.0,611,Stopped
LOOM4708,32.15,0.0,0,51.67,0.0,2190,Stopped
LOOM4709,32.64,0.0,0,58.73,0.0,650,Stopped
LOOM4710,31.68,0.0,0,51.65,0.0,2197,Stopped
LOOM4711,34.31,0.0,0,57.6,0.0,453,Stopped
LOOM4712,31.69,0.0,0,51.54,0.0,1529,Stopped
LOOM4713,29.47,0.0,0,54.37,0.0,2088,Stopped
LOOM4714,31.6,0.0,0,54.27,0.0,1220,Stopped
LOOM4715,32.77,0.0,0,58.32,0.0,1986,Stopped
LOOM4716,34.35,0.0,0,56.39,0.0,2057,Stopped
LOOM4717,28.13,0.0,0,59.49,0.0,1140,Stopped
LOOM4718,30.27,0.0,0,55.52,0.0,1964,Stopped
LOOM4719,34.81,0.0,0,57.34,0.0,2353,Stopped
LOOM4720,30.28,0.0,0,55.75,0.0,1371,Stopped
LOOM4721,29.03,0.0,0,52.31,0.0,821,Stopped
LOOM4722,28.57,0.0,0,54.78,0.0,1411,Stopped
LOOM4723,32.79,0.0,0,57.09,0.0,2456,Stopped
LOOM4724,32.4,0.0,0,59.24,0.0,2001,Stopped
LOOM4725,29.92,0.0,0,57.09,0.0,1132,Stopped
LOOM4726,28.61,0.0,0,56.86,0.0,1192,Stopped
LOOM4727,34.8,0.0,0,53.86,0.0,640,Stopped
LOOM4728,31.0,0.0,0,53.23,0.0,492,Stopped
LOOM4729,33.87,0.0,0,56.52,0.0,2019,Stopped
LOOM4730,30.97,0.0,0,53.35,0.0,1098,Stopped
LOOM4731,32.29,0.0,0,53.56,0.0,1303,Stopped
LOOM4732,28.5,0.0,0,53.58,0.0,1785,Stopped
LOOM4733,30.17,0.0,0,51.12,0.0,1651,Stopped
LOOM4734,31.08,0.0,0,55.99,0.0,973,Stopped
LOOM4735,34.55,0.0,0,50.08,0.0,204,Stopped
LOOM4736,31.96,0.0,0,52.07,0.0,2065,Stopped
LOOM4737,33.73,0.0,0,50.61,0.0,451,Stopped
LOOM4738,30.77,0.0,0,51.92,0.0,154,Stopped
LOOM4739,28.6,0.0,0,57.36,0.0,2357,Stopped
LOOM4740,31.33,0.0,0,56.39,0.0,706,Stopped
LOOM4741,34.45,0.0,0,51.45,0.0,2147,Stopped
LOOM4742,29.97,0.0,0,55.41,0.0,880,Stopped
LOOM4743,30.14,0.0,0,56.63,0.0,685,Stopped
LOOM4744,31.36,0.0,0,54.1,0.0,199,Stopped
LOOM4745,31.97,0.0,0,55.2,0.0,1040,Stopped
LOOM4746,31.05,0.0,0,56.94,0.0,339,Stopped
LOOM4747,33.63,0.0,0,58.74,0.0,137,Stopped
LOOM4748,29.92,0.0,0,57.94,0.0,805,Stopped
LOOM4749,34.37,0.0,0,55.54,0.0,294,Stopped
LOOM4750,33.87,0.0,0,53.34,0.0,897,Stopped
LOOM4751,31.07,0.0,0,52.42,0.0,2158,Stopped
LOOM4752,30.79,0.0,0,59.87,0.0,1990,Stopped
LOOM4753,28.73,0.0,0,53.46,0.0,1069,Stopped
LOOM4754,29.91,0.0,0,58.81,0.0,1413,Stopped
LOOM4755,29.72,0.0,0,51.54,0.0,1609,Stopped
LOOM4756,28.29,0.0,0,58.91,0.0,1984,Stopped
LOOM4757,33.99,0.0,0,59.31,0.0,1650,Stopped
LOOM4758,32.43,0.0,0,51.38,0.0,557,Stopped
LOOM4759,28.34,0.0,0,53.33,0.0,844,Stopped
LOOM4760,30.77,0.0,0,56.97,0.0,1224,Stopped
LOOM4761,32.37,0.0,0,50.63,0.0,2454,Stopped
LOOM4762,32.84,0.0,0,57.11,0.0,1429,Stopped
LOOM4763,30.86,0.0,0,57.39,0.0,628,Stopped
LOOM4764,33.62,0.0,0,53.64,0.0,174,Stopped
LOOM4765,29.19,0.0,0,50.85,0.0,1463,Stopped
LOOM4766,34.79,0.0,0,57.23,0.0,890,Stopped
LOOM4767,31.9,0.0,0,58.61,0.0,2036,Stopped
LOOM4768,31.18,0.0,0,58.75,0.0,2248,Stopped
LOOM4769,28.97,0.0,0,59.14,0.0,1582,Stopped
LOOM4770,29.28,0.0,0,52.6,0.0,2487,Stopped
LOOM4771,30.6,0.0,0,54.78,0.0,2097,Stopped
LOOM4772,29.87,0.0,0,57.48,0.0,10,Stopped
LOOM4773,31.12,0.0,0,56.1,0.0,91,Stopped
LOOM4774,33.82,0.0,0,58.3,0.0,336,Stopped
LOOM4775,32.66,0.0,0,58.94,0.0,2332,Stopped
LOOM4776,34.57,0.0,0,56.07,0.0,264,Stopped
LOOM4777,31.19,0.0,0,53.75,0.0,280,Stopped
LOOM4778,29.07,0.0,0,56.78,0.0,1135,Stopped
LOOM4779,30.09,0.0,0,57.93,0.0,2474,Stopped
LOOM4780,33.47,0.0,0,53.39,0.0,410,Stopped
LOOM4781,31.01,0.0,0,52.76,0.0,2217,Stopped
LOOM4782,29.24,0.0,0,57.59,0.0,1001,Stopped
LOOM4783,31.62,0.0,0,56.44,0.0,2336,Stopped
LOOM4784,31.33,0.0,0,54.4,0.0,1779,Stopped
LOOM4785,30.45,0.0,0,57.8,0.0,2385,Stopped
LOOM4786,34.29,0.0,0,54.81,0.0,1481,Stopped
LOOM4787,30.28,0.0,0,57.25,0.0,1078,Stopped
LOOM4788,32.54,0.0,0,57.08,0.0,1253,Stopped
LOOM4789,29.56,0.0,0,57.66,0.0,2199,Stopped
LOOM4790,31.3,0.0,0,54.93,0.0,1377,Stopped
LOOM4791,34.02,0.0,0,58.01,0.0,715,Stopped
LOOM4792,34.66,0.0,0,57.26,0.0,2384,Stopped
LOOM4793,29.86,0.0,0,56.12,0.0,220,Stopped
LOOM4794,31.41,0.0,0,59.47,0.0,987,Stopped
LOOM4795,30.09,0.0,0,51.13,0.0,862,Stopped
LOOM4796,30.52,0.0,0,54.64,0.0,511,Stopped
LOOM4797,34.96,0.0,0,56.64,0.0,449,Stopped
LOOM4798,28.86,0.0,0,53.33,0.0,1033,Stopped
LOOM4799,31.24,0.0,0,58.59,0.0,1178,Stopped
LOOM4800,32.3,0.0,0,52.63,0.0,293,Stopped
LOOM4801,33.73,0.0,0,56.59,0.0,2197,Stopped
LOOM4802,31.39,0.0,0,51.73,0.0,1496,Stopped
LOOM4803,31.28,0.0,0,55.0,0.0,1643,Stopped
LOOM4804,29.78,0.0,0,52.23,0.0,1107,Stopped
LOOM4805,32.54,0.0,0,57.31,0.0,1998,Stopped
LOOM4806,30.16,0.0,0,53.94,0.0,1346,Stopped
LOOM4807,34.13,0.0,0,53.74,0.0,876,Stopped
LOOM4808,32.34,0.0,0,53.14,0.0,973,Stopped
LOOM4809,34.02,0.0,0,55.36,0.0,1527,Stopped
LOOM4810,30.45,0.0,0,50.18,0.0,2384,Stopped
LOOM4811,33.5,0.0,0,58.37,0.0,1990,Stopped
LOOM4812,33.23,0.0,0,53.01,0.0,1998,Stopped
LOOM4813,30.53,0.0,0,55.02,0.0,1674,Stopped
LOOM4814,30.82,0.0,0,51.55,0.0,2174,Stopped
LOOM4815,33.41,0.0,0,52.62,0.0,481,Stopped
LOOM4816,33.44,0.0,0,54.11,0.0,976,Stopped
LOOM4817,29.49,0.0,0,57.36,0.0,1236,Stopped
LOOM4818,31.11,0.0,0,53.01,0.0,1904,Stopped
LOOM4819,28.71,0.0,0,54.0,0.0,2428,Stopped
LOOM4820,34.98,0.0,0,54.45,0.0,393,Stopped
LOOM4821,29.78,0.0,0,59.79,0.0,2416,Stopped
LOOM4822,31.42,0.0,0,58.09,0.0,1005,Stopped
LOOM4823,34.82,0.0,0,51.24,0.0,1430,Stopped
LOOM4824,33.0,0.0,0,55.72,0.0,170,Stopped
LOOM4825,31.63,0.0,0,52.17,0.0,1160,Stopped
LOOM4826,30.61,0.0,0,57.67,0.0,151,Stopped
LOOM4827,28.86,0.0,0,50.25,0.0,2492,Stopped
LOOM4828,33.77,0.0,0,51.01,0.0,318,Stopped
LOOM4829,31.22,0.0,0,56.16,0.0,127,Stopped
LOOM4830,32.61,0.0,0,50.39,0.0,429,Stopped
LOOM4831,31.07,0.0,0,50.35,0.0,1569,Stopped
LOOM4832,31.22,0.0,0,57.91,0.0,1104,Stopped
LOOM4833,32.02,0.0,0,54.89,0.0,1771,Stopped
LOOM4834,32.91,0.0,0,51.78,0.0,2166,Stopped
LOOM4835,30.19,0.0,0,56.8,0.0,1629,Stopped
LOOM4836,34.33,0.0,0,51.56,0.0,1495,Stopped
LOOM4837,32.05,0.0,0,57.81,0.0,2251,Stopped
LOOM4838,33.39,0.0,0,59.23,0.0,1737,Stopped
LOOM4839,31.12,0.0,0,56.77,0.0,1445,Stopped
LOOM4840,34.99,0.0,0,57.91,0.0,1993,Stopped
LOOM4841,35.0,0.0,0,53.68,0.0,1458,Stopped
LOOM4842,32.92,0.0,0,55.94,0.0,186,Stopped
LOOM4843,31.42,0.0,0,54.54,0.0,544,Stopped
LOOM4844,31.74,0.0,0,52.14,0.0,349,Stopped
LOOM4845,34.77,0.0,0,52.3,0.0,1414,Stopped
LOOM4846,33.74,0.0,0,57.53,0.0,29,Stopped
LOOM4847,28.52,0.0,0,51.9,0.0,2472,Stopped
LOOM4848,31.28,0.0,0,58.57,0.0,675,Stopped
LOOM4849,31.45,0.0,0,53.1,0.0,928,Stopped
LOOM4850,31.03,0.0,0,58.51,0.0,921,Stopped
LOOM4851,30.2,0.0,0,57.12,0.0,2325,Stopped
LOOM4852,30.9,0.0,0,57.69,0.0,256,Stopped
LOOM4853,34.65,0.0,0,52.68,0.0,91,Stopped
LOOM4854,29.37,0.0,0,57.68,0.0,45,Stopped
LOOM4855,32.65,0.0,0,59.14,0.0,935,Stopped
LOOM4856,33.63,0.0,0,57.74,0.0,1789,Stopped
LOOM4857,33.9,0.0,0,55.61,0.0,628,Stopped
LOOM4858,30.73,0.0,0,50.25,0.0,713,Stopped
LOOM4859,34.82,0.0,0,53.43,0.0,1700,Stopped
LOOM4860,29.66,0.0,0,57.29,0.0,2421,Stopped
LOOM4861,34.62,0.0,0,57.08,0.0,279,Stopped
LOOM4862,28.99,0.0,0,55.07,0.0,2142,Stopped
LOOM4863,30.73,0.0,0,59.39,0.0,424,Stopped
LOOM4864,28.62,0.0,0,51.26,0.0,526,Stopped
LOOM4865,34.7,0.0,0,57.97,0.0,680,Stopped
LOOM4866,28.53,0.0,0,56.27,0.0,681,Stopped
LOOM4867,30.26,0.0,0,51.59,0.0,1546,Stopped
LOOM4868,28.58,0.0,0,51.08,0.0,2003,Stopped
LOOM4869,33.53,0.0,0,55.47,0.0,601,Stopped
LOOM4870,33.9,0.0,0,58.1,0.0,1253,Stopped
LOOM4871,30.76,0.0,0,57.58,0.0,1304,Stopped
LOOM4872,31.16,0.0,0,52.64,0.0,1117,Stopped
LOOM4873,30.64,0.0,0,53.72,0.0,879,Stopped
LOOM4874,29.27,0.0,0,56.86,0.0,1298,Stopped
LOOM4875,29.96,0.0,0,59.25,0.0,448,Stopped
LOOM4876,31.65,0.0,0,57.97,0.0,2180,Stopped
LOOM4877,32.66,0.0,0,57.65,0.0,1403,Stopped
LOOM4878,28.6,0.0,0,53.82,0.0,1843,Stopped
LOOM4879,29.31,0.0,0,59.66,0.0,1384,Stopped
LOOM4880,29.01,0.0,0,52.06,0.0,2211,Stopped
LOOM4881,28.7,0.0,0,55.93,0.0,1820,Stopped
LOOM4882,33.86,0.0,0,57.22,0.0,2101,Stopped
LOOM4883,30.11,0.0,0,51.0,0.0,1144,Stopped
LOOM4884,34.03,0.0,0,59.39,0.0,1065,Stopped
LOOM4885,30.67,0.0,0,51.35,0.0,114,Stopped
LOOM4886,34.62,0.0,0,52.61,0.0,2139,Stopped
LOOM4887,29.71,0.0,0,52.43,0.0,1093,Stopped
LOOM4888,34.82,0.0,0,58.99,0.0,455,Stopped
LOOM4889,29.29,0.0,0,51.69,0.0,848,Stopped
LOOM4890,34.38,0.0,0,50.11,0.0,6,Stopped
LOOM4891,31.56,0.0,0,58.78,0.0,1617,Stopped
LOOM4892,34.44,0.0,0,54.69,0.0,1977,Stopped
LOOM4893,28.32,0.0,0,55.73,0.0,1727,Stopped
LOOM4894,32.63,0.0,0,54.83,0.0,444,Stopped
LOOM4895,34.8,0.0,0,52.37,0.0,1904,Stopped
LOOM4896,30.64,0.0,0,57.4,0.0,1528,Stopped
LOOM4897,28.02,0.0,0,54.21,0.0,1977,Stopped
LOOM4898,32.82,0.0,0,50.66,0.0,1704,Stopped
LOOM4899,29.3,0.0,0,50.94,0.0,603,Stopped
LOOM4900,28.29,0.0,0,55.46,0.0,2114,Stopped
LOOM4901,30.76,0.0,0,50.49,0.0,1227,Stopped
LOOM4902,28.72,0.0,0,53.9,0.0,2352,Stopped
LOOM4903,29.56,0.0,0,52.26,0.0,662,Stopped
LOOM4904,30.71,0.0,0,52.97,0.0,1345,Stopped
LOOM4905,33.57,0.0,0,52.57,0.0,1758,Stopped
LOOM4906,31.27,0.0,0,51.09,0.0,341,Stopped
LOOM4907,30.81,0.0,0,53.23,0.0,944,Stopped
LOOM4908,32.26,0.0,0,50.2,0.0,1024,Stopped
LOOM4909,33.57,0.0,0,55.69,0.0,2312,Stopped
LOOM4910,33.04,0.0,0,57.51,0.0,63,Stopped
LOOM4911,29.61,0.0,0,51.31,0.0,468,Stopped
LOOM4912,32.94,0.0,0,55.96,0.0,217,Stopped
LOOM4913,28.86,0.0,0,50.69,0.0,1530,Stopped
LOOM4914,31.91,0.0,0,51.0,0.0,1626,Stopped
LOOM4915,34.95,0.0,0,51.42,0.0,1602,Stopped
LOOM4916,31.25,0.0,0,50.11,0.0,1135,Stopped
LOOM4917,29.23,0.0,0,59.61,0.0,1010,Stopped
LOOM4918,28.47,0.0,0,52.49,0.0,1630,Stopped
LOOM4919,33.1,0.0,0,57.81,0.0,1396,Stopped
LOOM4920,34.67,0.0,0,54.02,0.0,14,Stopped
LOOM4921,28.98,0.0,0,51.13,0.0,2340,Stopped
LOOM4922,33.14,0.0,0,57.57,0.0,2254,Stopped
LOOM4923,32.95,0.0,0,54.55,0.0,1131,Stopped
LOOM4924,31.6,0.0,0,51.42,0.0,2471,Stopped
LOOM4925,29.62,0.0,0,57.73,0.0,1507,Stopped
LOOM4926,31.82,0.0,0,57.56,0.0,1220,Stopped
LOOM4927,29.34,0.0,0,58.39,0.0,338,Stopped
LOOM4928,28.03,0.0,0,53.62,0.0,980,Stopped
LOOM4929,34.2,0.0,0,53.26,0.0,345,Stopped
LOOM4930,31.36,0.0,0,53.38,0.0,1039,Stopped
LOOM4931,30.64,0.0,0,52.18,0.0,1413,Stopped
LOOM4932,28.85,0.0,0,58.76,0.0,333,Stopped
LOOM4933,30.13,0.0,0,59.07,0.0,362,Stopped
LOOM4934,29.05,0.0,0,55.43,0.0,775,Stopped
LOOM4935,28.61,0.0,0,53.3,0.0,2102,Stopped
LOOM4936,34.66,0.0,0,55.83,0.0,1975,Stopped
LOOM4937,31.96,0.0,0,50.12,0.0,903,Stopped
LOOM4938,30.37,0.0,0,57.58,0.0,2469,Stopped
LOOM4939,31.18,0.0,0,54.93,0.0,2019,Stopped
LOOM4940,28.57,0.0,0,54.86,0.0,109,Stopped
LOOM4941,29.35,0.0,0,53.45,0.0,2049,Stopped
LOOM4942,31.16,0.0,0,50.57,0.0,2347,Stopped
LOOM4943,30.12,0.0,0,51.3,0.0,1564,Stopped
LOOM4944,28.03,0.0,0,50.93,0.0,1606,Stopped
LOOM4945,29.77,0.0,0,58.09,0.0,2274,Stopped
LOOM4946,32.13,0.0,0,52.09,0.0,1835,Stopped
LOOM4947,30.7,0.0,0,52.59,0.0,2282,Stopped
LOOM4948,31.17,0.0,0,58.33,0.0,1873,Stopped
LOOM4949,31.25,0.0,0,56.67,0.0,248,Stopped
LOOM4950,28.07,0.0,0,52.8,0.0,1270,Stopped
LOOM4951,30.27,0.0,0,59.54,0.0,2404,Stopped
LOOM4952,33.59,0.0,0,54.55,0.0,955,Stopped
LOOM4953,33.9,0.0,0,56.39,0.0,1935,Stopped
LOOM4954,33.32,0.0,0,50.45,0.0,924,Stopped
LOOM4955,29.24,0.0,0,55.8,0.0,1721,Stopped
LOOM4956,33.24,0.0,0,57.23,0.0,1848,Stopped
LOOM4957,30.33,0.0,0,57.55,0.0,2047,Stopped
LOOM4958,34.27,0.0,0,52.64,0.0,1393,Stopped
LOOM4959,28.81,0.0,0,50.0,0.0,2223,Stopped
LOOM4960,29.97,0.0,0,55.33,0.0,176,Stopped
LOOM4961,32.11,0.0,0,57.01,0.0,1797,Stopped
LOOM4962,33.08,0.0,0,52.17,0.0,479,Stopped
LOOM4963,31.79,0.0,0,59.91,0.0,1585,Stopped
LOOM4964,28.14,0.0,0,53.41,0.0,1185,Stopped
LOOM4965,29.14,0.0,0,50.51,0.0,2434,Stopped
LOOM4966,33.46,0.0,0,55.84,0.0,1474,Stopped
LOOM4967,33.72,0.0,0,57.18,0.0,1224,Stopped
LOOM4968,33.62,0.0,0,54.14,0.0,480,Stopped
LOOM4969,28.74,0.0,0,50.51,0.0,2359,Stopped
LOOM4970,31.31,0.0,0,53.07,0.0,1841,Stopped
LOOM4971,30.53,0.0,0,56.74,0.0,1438,Stopped
LOOM4972,30.93,0.0,0,54.61,0.0,2096,Stopped
LOOM4973,31.96,0.0,0,54.56,0.0,681,Stopped
LOOM4974,30.71,0.0,0,55.77,0.0,1212,Stopped
LOOM4975,31.55,0.0,0,52.68,0.0,101,Stopped
LOOM4976,33.31,0.0,0,55.8,0.0,2493,Stopped
LOOM4977,31.55,0.0,0,59.57,0.0,1557,Stopped
LOOM4978,31.7,0.0,0,53.49,0.0,1707,Stopped
LOOM4979,28.08,0.0,0,54.34,0.0,2417,Stopped
LOOM4980,33.1,0.0,0,51.82,0.0,1670,Stopped
LOOM4981,28.47,0.0,0,55.19,0.0,1678,Stopped
LOOM4982,33.47,0.0,0,54.76,0.0,1813,Stopped
LOOM4983,34.18,0.0,0,58.9,0.0,1798,Stopped
LOOM4984,32.17,0.0,0,54.68,0.0,840,Stopped
LOOM4985,31.99,0.0,0,58.93,0.0,1664,Stopped
LOOM4986,29.01,0.0,0,52.23,0.0,1918,Stopped
LOOM4987,32.12,0.0,0,58.79,0.0,1818,Stopped
LOOM4988,28.49,0.0,0,57.85,0.0,225,Stopped
LOOM4989,34.62,0.0,0,57.59,0.0,1464,Stopped
LOOM4990,28.86,0.0,0,55.54,0.0,1718,Stopped
LOOM4991,29.21,0.0,0,56.61,0.0,133,Stopped
LOOM4992,30.85,0.0,0,59.67,0.0,687,Stopped
LOOM4993,30.01,0.0,0,51.64,0.0,788,Stopped
LOOM4994,32.79,0.0,0,57.76,0.0,212,Stopped
LOOM4995,33.51,0.0,0,52.16,0.0,2414,Stopped
LOOM4996,34.5,0.0,0,52.52,0.0,1552,Stopped
LOOM4997,28.16,0.0,0,54.01,0.0,112,Stopped
LOOM4998,33.84,0.0,0,59.52,0.0,1547,Stopped
LOOM4999,31.96,0.0,0,59.74,0.0,928,Stopped
LOOM5000,32.76,0.0,0,50.02,0.0,1408,Stopped
